quantile,L2,MSE,MAE,Spearman,Pearson,pert_id,n_batches_pert
0.1,1.031435757843276,0.00021100525280595066,0.00611021374640154,0.6878159097872765,0.9693546929634151,ENSG00000004939,8
0.2,1.1050174620785074,0.00024203536680207028,0.006519594606583691,0.6967710523553536,0.9714288254395052,ENSG00000004939,8
0.5,1.2182006842253816,0.0002941561438815283,0.006976123109560032,0.7175667884130497,0.9753024302105989,ENSG00000004939,8
0.8,1.3154717192335639,0.0003430068763938863,0.007707163490750608,0.7344770802193857,0.9788680007254913,ENSG00000004939,8
0.9,1.3526775533814588,0.0003626834366564656,0.0078625546467136,0.750895877634098,0.981813978720445,ENSG00000004939,8
0.99,1.4002910535641708,0.0003886650601621668,0.008096725616222098,0.7803267603757679,0.9871878148484807,ENSG00000004939,8
0.995,1.4024813047670004,0.00038988279570553367,0.00810267291799201,0.7826245754015106,0.9872944082457658,ENSG00000004939,8
0.1,1.4506314858617728,0.0004171123318871741,0.008548144881745262,0.5238882176924052,0.6978949305574558,ENSG00000011566,8
0.2,1.5039422253622114,0.00044833349780623957,0.008701942721579824,0.5641873900669038,0.7263445966844702,ENSG00000011566,8
0.5,1.560225706397286,0.00048251822439806386,0.009134185125870505,0.5993873440870354,0.775183224287975,ENSG00000011566,8
0.8,1.849513880131489,0.000678038577236098,0.010667231958615244,0.625030071062252,0.7996536225605455,ENSG00000011566,8
0.9,1.9382457894427312,0.0007446707340952652,0.01147809897215033,0.634640978675399,0.8067630069265217,ENSG00000011566,8
0.99,2.0905573152784935,0.0008662919598676061,0.012114041869571815,0.6572892001290751,0.8276913872521012,ENSG00000011566,8
0.995,2.1085285262659257,0.0008813125936640905,0.012182498194970921,0.6631995743533732,0.8304050272692968,ENSG00000011566,8
0.1,1.6825750887181588,0.0005611838904007582,0.00976455159095481,0.5299770832052535,0.6981850418067918,ENSG00000012983,8
0.2,1.726298870166056,0.0005907063888122367,0.010037732940894509,0.5379314237506558,0.7152618844380598,ENSG00000012983,8
0.5,1.8904515791649474,0.0007083864044351952,0.010895634663347744,0.55850836457259,0.7393880284914457,ENSG00000012983,8
0.8,1.9961965907261427,0.0007898538790489382,0.011505191166291498,0.5892533269749369,0.766563275100807,ENSG00000012983,8
0.9,2.082822963209729,0.0008598946855527678,0.01214212642296169,0.5979149787990011,0.7836975687150494,ENSG00000012983,8
0.99,2.3124329276125164,0.0010599298499214566,0.013359108502813178,0.6052092155410308,0.8086580444927907,ENSG00000012983,8
0.995,2.3135245512309686,0.0010609310336698035,0.013369372658618085,0.608972080898474,0.8122121953602354,ENSG00000012983,8
0.1,0.7943681918752777,0.0001250787805725238,0.004720851936406296,0.5117843943144913,0.8460241113444507,ENSG00000030110,8
0.2,0.8362285611536863,0.00013860822537489038,0.004875638345618126,0.5404676915768949,0.8549590429782958,ENSG00000030110,8
0.5,0.9616258608328019,0.00018329538804114196,0.00552433440819425,0.5653100126114832,0.8769014574345544,ENSG00000030110,8
0.8,1.0298449351972792,0.00021022569361780038,0.005901799652498873,0.5894729188293473,0.8986439800488726,ENSG00000030110,8
0.9,1.0520479807759842,0.00021938653203947887,0.006101066457402746,0.6028346743065944,0.9072520795478418,ENSG00000030110,8
0.99,1.1033537804588203,0.00024130730926287815,0.006414770720326939,0.6169875049877784,0.9153526249328597,ENSG00000030110,8
0.995,1.1153457305354662,0.0002466090804122018,0.006425982186395804,0.6232344436207781,0.9159705417431485,ENSG00000030110,8
0.1,1.1549555930841107,0.0002644058318297523,0.006766016881716362,0.5818538575197048,0.8921705115378361,ENSG00000034152,8
0.2,1.1855304659216426,0.00027859086699949374,0.00692857057112482,0.605579770622269,0.9033747931754228,ENSG00000034152,8
0.5,1.2647190847003236,0.00031704949062711155,0.007388765734614384,0.6367346449640365,0.916175611503115,ENSG00000034152,8
0.8,1.3673245652721646,0.0003705831378422472,0.00789338326426756,0.6628401296054137,0.9273089054028434,ENSG00000034152,8
0.9,1.5946437710171317,0.0005040414557416337,0.009293636831875096,0.6789004282491873,0.9312420418356574,ENSG00000034152,8
0.99,1.6847621842369898,0.0005626308156369186,0.00986649319240844,0.6912322492913637,0.9410949278866713,ENSG00000034152,8
0.995,1.7195324943911594,0.0005863281263551894,0.010080536733679979,0.6913752970016708,0.9411877370669833,ENSG00000034152,8
0.1,1.3429201038753338,0.00035747590561003445,0.008037411032199642,0.6211426979451771,0.8868765390458484,ENSG00000048740,8
0.2,1.3866208459384322,0.00038111357097234794,0.00833327681690059,0.6397171868204732,0.9015203322954711,ENSG00000048740,8
0.5,1.4690723310401304,0.00042778605925319674,0.00875674157488057,0.6685497572612318,0.918208948409848,ENSG00000048740,8
0.8,1.6244305852369794,0.0005230479922701683,0.009547134206409036,0.6906000592278683,0.9318748481243776,ENSG00000048740,8
0.9,1.7263026918732127,0.0005907083828104973,0.010064796617962337,0.7005289143695088,0.9359174464350312,ENSG00000048740,8
0.99,1.983914272208487,0.0007801619835550174,0.011628601795598336,0.7192246233697335,0.943946661439462,ENSG00000048740,8
0.995,1.9897321045086698,0.0007847509174760038,0.011656473642853828,0.722220647276144,0.9451774641735744,ENSG00000048740,8
0.1,1.5932670679032757,0.0005031716608803337,0.009285430289221741,0.7169580491091168,0.9693680817764911,ENSG00000057657,8
0.2,1.6787549628799705,0.0005586197298213853,0.009711216959513037,0.727160874940404,0.9709393891989673,ENSG00000057657,8
0.5,1.8858350620912756,0.0007049304360121378,0.010967199193201976,0.7518787660977191,0.9770930148576622,ENSG00000057657,8
0.8,2.0578994257009002,0.0008394362442375687,0.011866784317032442,0.7813658187909038,0.9810847399642314,ENSG00000057657,8
0.9,2.1182838816960046,0.0008894205369952335,0.012165436172676467,0.7943595142869683,0.9824221778629003,ENSG00000057657,8
0.99,2.285935455674279,0.0010357794799582926,0.012922482819785261,0.8049302078202614,0.9855491737760445,ENSG00000057657,8
0.995,2.29868613409083,0.00104739817785965,0.012925626652692231,0.8062613115444891,0.9856315828467852,ENSG00000057657,8
0.1,1.401686074415902,0.00038943996038099017,0.008372463218423833,0.7265649728432698,0.9774190323288175,ENSG00000066336,8
0.2,1.45246436250031,0.0004181691041439114,0.008763575288382333,0.7341164341213315,0.9801923234621511,ENSG00000066336,8
0.5,1.575447324939701,0.000491979717920068,0.009373423401153592,0.7614140100988096,0.9850312442750891,ENSG00000066336,8
0.8,1.8284271528903724,0.0006626663205168562,0.010654210449388555,0.780636698150025,0.9872668714157754,ENSG00000066336,8
0.9,1.8858995345389782,0.0007049786940705784,0.010953130475476563,0.7870783855782699,0.9885504696769577,ENSG00000066336,8
0.99,2.026476208222086,0.0008139953362098244,0.011555326260677668,0.8026166434302552,0.9894607003595184,ENSG00000066336,8
0.995,2.0304830820588426,0.0008172205997838099,0.011559137939062967,0.8041789950053642,0.9894851468371785,ENSG00000066336,8
0.1,1.956800344253575,0.0007589831163417273,0.011825803111207745,0.7309115699451569,0.9764208801011328,ENSG00000078900,8
0.2,2.031376379946528,0.0008179386194907928,0.012215137540484273,0.7391342649992098,0.9777016050894817,ENSG00000078900,8
0.5,2.1669489702003455,0.0009307567881732064,0.012947158433739742,0.7658455865755032,0.983235974070471,ENSG00000078900,8
0.8,2.5380345847845853,0.0012768346333024488,0.015210765167966826,0.7851304822662497,0.9854463730352239,ENSG00000078900,8
0.9,2.690429781577046,0.001434772721645737,0.016175641717435654,0.7923476882195043,0.9857922877466503,ENSG00000078900,8
0.99,2.974426439565595,0.0017536598419635317,0.017392221640972285,0.8006809868592022,0.9873690834915498,ENSG00000078900,8
0.995,2.9800070666934957,0.001760252505471138,0.01739838952061839,0.8008559981794866,0.9876314833556923,ENSG00000078900,8
0.1,1.03019021266988,0.00021036572939928832,0.006051333291720919,0.5064453024486616,0.7628565516575652,ENSG00000079102,8
0.2,1.0582028946342052,0.00022196206726471173,0.006190307511024724,0.5305083807742678,0.7895040791425272,ENSG00000079102,8
0.5,1.2329064488867045,0.0003013005925070324,0.0072536262674786625,0.5794981685722129,0.8368222945834346,ENSG00000079102,8
0.8,1.4030641404104416,0.00039020665903267054,0.008053641805059034,0.6314511305528853,0.8669114929643473,ENSG00000079102,8
0.9,1.5221038530650972,0.0004592526479813522,0.008517511716565016,0.6412218493859589,0.8783704702014221,ENSG00000079102,8
0.99,1.6804781903118104,0.0005597686657234425,0.009407077549786171,0.6580450750472772,0.8906457847891207,ENSG00000079102,8
0.995,1.705831077967337,0.0005769108861649624,0.009535743653195712,0.6616603239068994,0.8933599079360854,ENSG00000079102,8
0.1,1.4498364302288627,0.0004166569680955851,0.008334525950065012,0.5584021935731512,0.8177219996338111,ENSG00000085185,8
0.2,1.48244770019654,0.00043561018064116155,0.008515544745514797,0.5658890122148091,0.8269376079391452,ENSG00000085185,8
0.5,1.621734145379933,0.000521315988674243,0.009303613090567934,0.586646881007707,0.8589678332999438,ENSG00000085185,8
0.8,1.7589251922790117,0.0006132446805040695,0.010051731418959094,0.6093709087733618,0.8713674379314119,ENSG00000085185,8
0.9,1.8265041351869553,0.0006612729203588237,0.010386569548013182,0.6208465845300642,0.8862016299036869,ENSG00000085185,8
0.99,1.9359224703166062,0.0007428788926783569,0.010898254028930243,0.6386921622196725,0.8983940984424867,ENSG00000085185,8
0.995,1.9623423779166453,0.0007634290824435933,0.011014991227339857,0.6405548383364903,0.899383700534131,ENSG00000085185,8
0.1,1.0454171554257352,0.00021666504543034902,0.006012024054376027,0.6255067726706538,0.9288992813318409,ENSG00000089775,8
0.2,1.0879851406028698,0.0002346307211626153,0.006359389186872929,0.6431273973941143,0.938422417083647,ENSG00000089775,8
0.5,1.1728617059775797,0.000272669001608994,0.00688598893473083,0.6707339641448932,0.9481433377150863,ENSG00000089775,8
0.8,1.2746637650133539,0.00032216023410516754,0.007496365027550626,0.693042024353341,0.9531203223651049,ENSG00000089775,8
0.9,1.4281728364307666,0.00040430472669069294,0.008292074754202143,0.7075352858747365,0.9577003139555721,ENSG00000089775,8
0.99,1.5729518983828819,0.0004904223747822583,0.009139878978516286,0.7387675007341548,0.9691854035180586,ENSG00000089775,8
0.995,1.581859884518657,0.0004960082556078225,0.009155177787658886,0.7395268522298223,0.971241999971822,ENSG00000089775,8
0.1,0.9653885370247217,0.00018473337790704831,0.006051266264405918,0.7961648185366647,0.9912545772208787,ENSG00000092067,8
0.2,1.0227139697688126,0.00020732295001262344,0.006321815456797305,0.8108689920027278,0.9915356831195271,ENSG00000092067,8
0.5,1.1465315722444935,0.00026056592517671934,0.006981546599334918,0.8253935904539285,0.992984152180455,ENSG00000092067,8
0.8,1.275632315525306,0.000322544868984347,0.007636075636097191,0.8377205487258693,0.9942162513436296,ENSG00000092067,8
0.9,1.3007064070895396,0.0003353494359763003,0.007879815930665668,0.8458193279499366,0.9946734847740633,ENSG00000092067,8
0.99,1.4112483188401126,0.0003947780161697698,0.008154310142231423,0.8526096314738418,0.9951388920860507,ENSG00000092067,8
0.995,1.4399456209650474,0.0004111563059582534,0.008274209037336704,0.8548544637322347,0.995163195484274,ENSG00000092067,8
0.1,1.0365035164691314,0.00021295140828157317,0.0061598568184182976,0.6130860478078776,0.9102038602142619,ENSG00000099625,8
0.2,1.0557904691607412,0.00022095039692062498,0.006297802968732746,0.6391733320173602,0.9236964259562692,ENSG00000099625,8
0.5,1.1221059559779607,0.00024957833172563234,0.006614830391136316,0.6514483396946573,0.933148848603266,ENSG00000099625,8
0.8,1.186559185823869,0.00027907350285511553,0.0070192227781292905,0.670324918785142,0.9399583655175018,ENSG00000099625,8
0.9,1.3291578657020768,0.000350180599376007,0.007781854034306922,0.6769693125103913,0.9420308890140204,ENSG00000099625,8
0.99,1.408707758690709,0.00039335164546951427,0.008085961339150839,0.6868395368495537,0.9485491954875753,ENSG00000099625,8
0.995,1.414804844705974,0.00039677119406551477,0.008098387733405266,0.6907688331557437,0.9493323322767336,ENSG00000099625,8
0.1,1.1105568545390612,0.0002444689784764769,0.006624062742650551,0.7038135871666774,0.9786768431385466,ENSG00000100030,8
0.2,1.160413749746432,0.00026690982791778225,0.006949709214612058,0.7222457388160701,0.9809961763203722,ENSG00000100030,8
0.5,1.2286600362560018,0.00029922902174367905,0.007273811500998472,0.7450436530864493,0.9857609843963904,ENSG00000100030,8
0.8,1.405271710922316,0.0003914352799524104,0.008373357016403588,0.7592514604946741,0.9872610900581371,ENSG00000100030,8
0.9,1.4872401418375396,0.00043843080251980545,0.008760384163937126,0.7678224120079988,0.9881739702581156,ENSG00000100030,8
0.99,1.574437641614415,0.0004913492655943603,0.00930214452282549,0.7823035632653171,0.9897649542900918,ENSG00000100030,8
0.995,1.5832779120783391,0.0004968976563037887,0.009380563390178372,0.7907146778173683,0.9898180042978074,ENSG00000100030,8
0.1,1.94104660589058,0.000746817766279419,0.011542429773041988,0.6769473664917715,0.9348782251396137,ENSG00000101076,8
0.2,2.0191066508033506,0.0008080861509629759,0.012015885834685639,0.6886103427661733,0.9412320920417208,ENSG00000101076,8
0.5,2.198545771558808,0.0009580982208388974,0.013048851775519848,0.7146201086948774,0.9511329382987526,ENSG00000101076,8
0.8,2.3808555534229536,0.0011235825415838957,0.014071483648197323,0.7369832977625043,0.959503948751422,ENSG00000101076,8
0.9,2.4583936006866507,0.0011979581962623593,0.01438635452943827,0.743751674527559,0.9629620846358269,ENSG00000101076,8
0.99,2.706919307363996,0.0014524108774057476,0.015451694495296913,0.7590352087443571,0.9690657586543716,ENSG00000101076,8
0.995,2.7111987135700266,0.0014570103365207636,0.015544453913258814,0.7596358113808741,0.9703301789281941,ENSG00000101076,8
0.1,1.3551817354301348,0.0003640291666257568,0.007960517250672984,0.5470486087398846,0.813064672764745,ENSG00000102804,8
0.2,1.4005451493720389,0.0003888063575159628,0.008240885776472992,0.5642696008083271,0.8235904158430536,ENSG00000102804,8
0.5,1.5212297986192582,0.0004587004118030455,0.008953619396146948,0.6038092633965912,0.8714954913740268,ENSG00000102804,8
0.8,1.810669559958392,0.0006498658465341877,0.01047530694523141,0.6302979510101792,0.8851872068163255,ENSG00000102804,8
0.9,1.8755697295680562,0.0006972773513347323,0.010836556536162613,0.6439982373201029,0.8927218807705862,ENSG00000102804,8
0.99,2.0186259380205693,0.0008077123322258498,0.011748837063112022,0.6621391577201106,0.9074005025808077,ENSG00000102804,8
0.995,2.0565264807900396,0.0008386058744396195,0.011939953190480019,0.6637678747559775,0.9082796730676707,ENSG00000102804,8
0.1,1.0357203822686398,0.00021262970164962288,0.006230753570993138,0.5913654575471262,0.8588170630029054,ENSG00000103241,8
0.2,1.0722632644112167,0.00022789916202140987,0.006312947912276412,0.5983721928256392,0.869304065211144,ENSG00000103241,8
0.5,1.1723333133797051,0.0002724346430470956,0.006938161285912247,0.616150343657976,0.8932576812984572,ENSG00000103241,8
0.8,1.2928058813980265,0.00033128782517007624,0.007584091435863083,0.6469990122307526,0.9097530551243159,ENSG00000103241,8
0.9,1.3311104046266924,0.0003512114266606284,0.007757567272464915,0.6566217252432986,0.9151741683577624,ENSG00000103241,8
0.99,1.3814699461986357,0.00037828727723479994,0.008086481321891914,0.6765757928674906,0.9248266441788582,ENSG00000103241,8
0.995,1.3830541298177337,0.0003791558545774787,0.008154929055605803,0.6823609085193071,0.9261693368560671,ENSG00000103241,8
0.1,1.484478649031252,0.00043680414671905894,0.008773979110148843,0.5661990463197137,0.8361039488057674,ENSG00000104903,8
0.2,1.558943335594034,0.00048172551073794956,0.009090333359134256,0.5749264407741493,0.8430989510345912,ENSG00000104903,8
0.5,1.670557106564326,0.0005531736488266221,0.009706267016859449,0.5929847493735556,0.8569539905999396,ENSG00000104903,8
0.8,1.7822030201566113,0.0006295832728584319,0.010340662255898617,0.6211037547776852,0.8731951694258882,ENSG00000104903,8
0.9,1.8238982716422198,0.0006593916039839522,0.010618861769767826,0.6294035488857457,0.8836250893278729,ENSG00000104903,8
0.99,1.9500692446474066,0.0007537747646936986,0.011347307900584079,0.6443533132575472,0.8911799277350541,ENSG00000104903,8
0.995,1.9742522295761482,0.0007726994048020727,0.01142464396042367,0.6470760490271834,0.8938579378196054,ENSG00000104903,8
0.1,0.6928696351390328,9.515726299819577e-05,0.004022180111569655,0.6995314681195763,0.9833304699592129,ENSG00000105610,8
0.2,0.7295645603967474,0.00010550970844676613,0.004272145518506643,0.7060419103708717,0.9842516445228398,ENSG00000105610,8
0.5,0.844474590144455,0.0001413560029600313,0.004937598762016058,0.7152723326917118,0.9863721021340522,ENSG00000105610,8
0.8,0.9124147713963682,0.0001650150257034651,0.005180983603782203,0.7495034206371485,0.9900350544334738,ENSG00000105610,8
0.9,0.9466835188905257,0.00017764320785950517,0.005363988605843965,0.7683487991903559,0.9912224943942199,ENSG00000105610,8
0.99,1.0056739168586,0.00020047236395056707,0.005602519513585642,0.7794082220944375,0.9925627081350014,ENSG00000105610,8
0.995,1.0143609619310914,0.00020396534199847505,0.005632045797041889,0.780658938966618,0.992719201651786,ENSG00000105610,8
0.1,1.287062643984915,0.00032835132381666684,0.007506480273680292,0.583543706872399,0.8145034145895661,ENSG00000105939,8
0.2,1.3189132823751017,0.0003448032735715441,0.007653759796558847,0.5933123150897155,0.8317894195367219,ENSG00000105939,8
0.5,1.3992081903994136,0.00038806413525604175,0.00812284808461253,0.6263082409572143,0.868949312375681,ENSG00000105939,8
0.8,1.6617635809752922,0.0005474536506862547,0.009669509904646052,0.6448620254400552,0.8862260818117532,ENSG00000105939,8
0.9,1.8317890368655332,0.0006651103765857819,0.010378850595849176,0.6547380912228089,0.8918652608643722,ENSG00000105939,8
0.99,2.134208396190878,0.0009028740061924583,0.011545812802201528,0.6725918228792769,0.9019946305200562,ENSG00000105939,8
0.995,2.195922260237031,0.0009565827780881416,0.011820897167363566,0.6759294500808884,0.9023358852977078,ENSG00000105939,8
0.1,2.060667534019368,0.0008416966311438351,0.012352226826352524,0.7067395333328937,0.9592534562910917,ENSG00000106031,8
0.2,2.14904613903538,0.0009154560123483302,0.012821123797493792,0.723771002394341,0.963177681091597,ENSG00000106031,8
0.5,2.2800599076840298,0.0010304605186344045,0.013605208097080521,0.749705539120883,0.9689642008278592,ENSG00000106031,8
0.8,2.4806990646463793,0.0012198572901280951,0.014724142066489686,0.7676413735045728,0.9726315409634565,ENSG00000106031,8
0.9,2.6243550374203335,0.0013651627188981253,0.015628101955774413,0.7745827443055235,0.9744924124531592,ENSG00000106031,8
0.99,2.938028243402516,0.0017110312601323965,0.016859328075973613,0.7824265524332599,0.9785725986995936,ENSG00000106031,8
0.995,2.997467467341044,0.0017816482880632072,0.017107994812557346,0.7840214768932319,0.9797340904965691,ENSG00000106031,8
0.1,1.3431025554006708,0.0003575733235702684,0.008120283963503203,0.6366712682860106,0.9266432683611281,ENSG00000106546,8
0.2,1.404968379034864,0.00039126672417353595,0.008494516592575184,0.6635741024326339,0.9338563426389157,ENSG00000106546,8
0.5,1.5172256068467673,0.0004562890928047538,0.00902226813508544,0.7018248638254044,0.9509797750883211,ENSG00000106546,8
0.8,1.7514129979441415,0.0006082611696411999,0.010229517770332217,0.7230176219361473,0.9568761260198738,ENSG00000106546,8
0.9,1.9618167898743457,0.0007629446474543415,0.011635365357115656,0.7340181416892158,0.9611910441758708,ENSG00000106546,8
0.99,2.151187303465933,0.0009172914675405363,0.012848640817860916,0.7663201713969261,0.9698908216406745,ENSG00000106546,8
0.995,2.207612642960612,0.0009666604003708851,0.01309411415245967,0.7664658457133388,0.9702680421739726,ENSG00000106546,8
0.1,1.6806281312108737,0.0005598638106486669,0.010066248964387698,0.6804677614532452,0.9555815490157393,ENSG00000108821,8
0.2,1.7469873839633612,0.0006049489135972285,0.010458150941656457,0.6949098553436258,0.9633107356717008,ENSG00000108821,8
0.5,1.94032124028591,0.0007462573290499483,0.011548753159822536,0.7308937718054301,0.9695475585970503,ENSG00000108821,8
0.8,2.0728560825287556,0.0008516987991176348,0.012325848809855555,0.7493674516876057,0.9742232704011815,ENSG00000108821,8
0.9,2.2234521967836156,0.00097993044323997,0.013315862723978594,0.7608511510709958,0.9754878277325852,ENSG00000108821,8
0.99,2.3837078585821425,0.001126277232674321,0.0140014544858262,0.7824923760599845,0.980909666320405,ENSG00000108821,8
0.995,2.395357899277734,0.001137339530419879,0.014154682914306861,0.7829843300606026,0.9815247275427894,ENSG00000108821,8
0.1,0.9422703215489455,0.00017599076339768442,0.005528380392550373,0.5714158504188668,0.8596634562330357,ENSG00000108984,8
0.2,1.0148892008340737,0.00020417097137052982,0.005972348507081829,0.5893101225012177,0.8758606140259717,ENSG00000108984,8
0.5,1.1599438100460122,0.00026669400830225216,0.006751592280784775,0.6224438988711734,0.9026558406290324,ENSG00000108984,8
0.8,1.3177190676820199,0.00034425591379584847,0.007427180236029466,0.647218177529081,0.9190321369330419,ENSG00000108984,8
0.9,1.492560656056089,0.00044157354319697076,0.008486863714586668,0.6659485494872253,0.9282627369114435,ENSG00000108984,8
0.99,1.573716763446906,0.0004909010296730806,0.008775476706138267,0.6918300749112388,0.9384307694323512,ENSG00000108984,8
0.995,1.5903981268636456,0.0005014172629118487,0.008818985666007908,0.6939015246944924,0.9430008529478379,ENSG00000108984,8
0.1,1.044505488206377,0.00021625463812391122,0.006200912132168522,0.5968876438930922,0.9225165770933231,ENSG00000110395,8
0.2,1.1252973395626684,0.0002510001003206551,0.00661589067382311,0.6097472205468238,0.9312171698815711,ENSG00000110395,8
0.5,1.24045486721723,0.00030500090116879273,0.00722571593118782,0.662034462666999,0.9455684740021743,ENSG00000110395,8
0.8,1.440669113574715,0.0004114032213326588,0.008345064719333195,0.6866635103635764,0.9558573663811366,ENSG00000110395,8
0.9,1.5027345314122365,0.0004476224053583124,0.008813796142341101,0.6980292244959957,0.9619920950810374,ENSG00000110395,8
0.99,1.6274455981818496,0.0005249912901400461,0.009523855034790312,0.7223284410729391,0.9664051624140354,ENSG00000110395,8
0.995,1.634273624807643,0.0005294148353908904,0.00952946396978637,0.7248065860627979,0.9671819691711883,ENSG00000110395,8
0.1,1.2494287538403692,0.0003094309122470351,0.007398014836483451,0.665856660275686,0.9461450836813496,ENSG00000111276,8
0.2,1.3000897560686435,0.0003350319040975598,0.007799713635650417,0.6732157773498265,0.9495978550739309,ENSG00000111276,8
0.5,1.3774665422332744,0.00037609796359582947,0.008294576122220048,0.691045537033325,0.9565873783015504,ENSG00000111276,8
0.8,1.488704885022607,0.000439295839657557,0.008830630632319003,0.7191697925386205,0.9607761989375916,ENSG00000111276,8
0.9,1.5579369098302112,0.0004811037083099298,0.009242846605472161,0.7316946295192768,0.9631420962684878,ENSG00000111276,8
0.99,1.7452093243938795,0.0006037182944131833,0.01003957529581792,0.747858975427068,0.9670904264380485,ENSG00000111276,8
0.995,1.7541217729015282,0.0006099156056664391,0.01004724536618676,0.7480351265342844,0.967628886683295,ENSG00000111276,8
0.1,1.2584368114184135,0.0003139180136365673,0.00738492907882105,0.5873599958144328,0.7962480045375336,ENSG00000113369,8
0.2,1.3141550432885039,0.00034231983283789956,0.007706456659962145,0.5956342850421037,0.8136854640861076,ENSG00000113369,8
0.5,1.4108030345302076,0.0003945232595478644,0.008226909785135631,0.6154923822752849,0.8402144403730822,ENSG00000113369,8
0.8,1.4915645692114208,0.00044098411582032946,0.008674688412281946,0.6357823498249847,0.8633549997695725,ENSG00000113369,8
0.9,1.5469636876957615,0.0004743504933757438,0.008896139987085659,0.652840535346068,0.8729114635063056,ENSG00000113369,8
0.99,1.6308027196697057,0.000527186171994894,0.009505856342350658,0.6822431684830236,0.885042119790658,ENSG00000113369,8
0.995,1.6889748693229325,0.0005661225910437583,0.009767740136173276,0.682783815085676,0.887821819127073,ENSG00000113369,8
0.1,2.029644303020304,0.0008165490948664831,0.011848291300332837,0.5347766934711395,0.628353711736239,ENSG00000115053,8
0.2,2.141437554344769,0.0009089805325235595,0.012326817425602273,0.5457654226106521,0.6662515659975378,ENSG00000115053,8
0.5,2.314389499956847,0.0010617247274257056,0.013360194310384217,0.5650966458662026,0.708357263836773,ENSG00000115053,8
0.8,2.461052206859044,0.0012005537896636685,0.014114010832552083,0.6066283181167067,0.7475646749441297,ENSG00000115053,8
0.9,2.5989839700746455,0.001338904512783524,0.014899342954624004,0.6265803224892836,0.7628119909910043,ENSG00000115053,8
0.99,2.751494382682159,0.0015006478023534562,0.015690396931887833,0.651394460107896,0.7804671269283294,ENSG00000115053,8
0.995,2.7855372572280093,0.0015382359050908902,0.015901968589778284,0.6543456469129625,0.7810300375496587,ENSG00000115053,8
0.1,1.1319540151153005,0.00025397862821339664,0.006724938031934869,0.6324322606511814,0.9467713419498677,ENSG00000115844,8
0.2,1.203328721465343,0.00028702239238375266,0.007123923588153234,0.6494528511197645,0.9533526606218812,ENSG00000115844,8
0.5,1.3078879416158125,0.00033906271608624705,0.007674438715173946,0.6771271023595864,0.9594978675645558,ENSG00000115844,8
0.8,1.4938316100736504,0.0004423721319541074,0.008639825083298507,0.6963277746332476,0.965726056636169,ENSG00000115844,8
0.9,1.612275235009391,0.0005152490685019125,0.009430654862266658,0.7033267697712257,0.9685220279507202,ENSG00000115844,8
0.99,1.7551027691295482,0.0006105898249782308,0.01023225496697045,0.730451867567705,0.9728344194289443,ENSG00000115844,8
0.995,1.7865421715080523,0.0006328525936577021,0.010355957482656535,0.7305867699742684,0.9732451516849681,ENSG00000115844,8
0.1,1.0555302758432425,0.00022084127188968576,0.006326399086126885,0.5313198413424393,0.8409894853796116,ENSG00000116871,8
0.2,1.1308815262363103,0.00025352025268870565,0.006762559433479819,0.5407365780499617,0.8477558562197866,ENSG00000116871,8
0.5,1.2590226364458825,0.00031419995240423776,0.007401167913226325,0.5661650275368697,0.8675189323360808,ENSG00000116871,8
0.8,1.3514908644792902,0.00036204930613275703,0.00790100651283936,0.5919923702572901,0.8889275040304714,ENSG00000116871,8
0.9,1.4170442073052791,0.00039802729747011567,0.008246187204253169,0.6078231124809697,0.900054578996076,ENSG00000116871,8
0.99,1.5512559545920934,0.00047699490689813185,0.008820200883864652,0.6381146967403495,0.9075646622045689,ENSG00000116871,8
0.995,1.5843565426578738,0.0004977806615490457,0.009101700494713474,0.6395799754192724,0.9085998706854028,ENSG00000116871,8
0.1,1.9335465797221925,0.0007410715745094138,0.011501684237807704,0.6910376277649039,0.9328166639690613,ENSG00000117713,8
0.2,2.1049617044243654,0.0008782686259610412,0.012448253339140304,0.7010186539565288,0.9426930938984953,ENSG00000117713,8
0.5,2.263292933457631,0.0010153607420858926,0.013463848135254483,0.7327623117158427,0.9549082986679116,ENSG00000117713,8
0.8,2.6079264408101737,0.0013481302987317742,0.015387321167839179,0.7531474490782453,0.9609530075882665,ENSG00000117713,8
0.9,2.775190087268693,0.0015265985681167968,0.016200340807325835,0.7692169426594389,0.9672963022548785,ENSG00000117713,8
0.99,3.0697751312633073,0.0018679230014935577,0.017579611119562782,0.7893725832027163,0.9706029330019993,ENSG00000117713,8
0.995,3.131147794603697,0.001944089040329685,0.017721090105498313,0.7895739749437443,0.9716673455334723,ENSG00000117713,8
0.1,2.0853734868045657,0.0008620000471011168,0.012005433064707284,0.5377511975828981,0.7061853110847268,ENSG00000118058,8
0.2,2.205894532624284,0.0009645135164547622,0.012715287238631223,0.5513718025796538,0.7245243379405337,ENSG00000118058,8
0.5,2.3614876819725925,0.0011053765460430059,0.013561101257670174,0.5777590506171377,0.7588948325476628,ENSG00000118058,8
0.8,2.488078818574187,0.0012270636700968682,0.01414242710185954,0.6057212011846597,0.7965617463811889,ENSG00000118058,8
0.9,2.5453730319868937,0.0012842278279494713,0.01466565952936929,0.6171789469948183,0.8037490961697626,ENSG00000118058,8
0.99,2.6948911006153002,0.0014395638084561055,0.015730315170720283,0.6349615906391567,0.8311544901465642,ENSG00000118058,8
0.995,2.7580883692771043,0.0015086473800298718,0.015764944349773984,0.6365671770767987,0.8424924580906912,ENSG00000118058,8
0.1,1.3062163896977184,0.00033819648610152044,0.007668176569200897,0.6204963202625835,0.9257691658880605,ENSG00000118515,8
0.2,1.362115485330753,0.0003677637600360571,0.008026727246475279,0.6389310939106736,0.9412092789271689,ENSG00000118515,8
0.5,1.4710161320131085,0.0004289174399092942,0.008580819148176544,0.6973302960667422,0.9618067340350626,ENSG00000118515,8
0.8,1.8067807237958526,0.0006470678525090873,0.010320585959720708,0.7294572102435231,0.9678886608781581,ENSG00000118515,8
0.9,1.9906576695212295,0.0007859882976471698,0.011294035853724921,0.7382490283317032,0.9694717688123065,ENSG00000118515,8
0.99,2.3441483604118827,0.0010892061507492773,0.01320635621754698,0.7523634581644126,0.9735063619497528,ENSG00000118515,8
0.995,2.3624239994591654,0.001106320693688289,0.013348344847914676,0.7526248020859744,0.9736330290514804,ENSG00000118515,8
0.1,1.0031725324240799,0.0001994757694411929,0.006081998384746289,0.7358907428229075,0.9834009828076553,ENSG00000119335,8
0.2,1.0253482977118662,0.0002083923051230056,0.006292104017913269,0.7418754979289499,0.9839437020634806,ENSG00000119335,8
0.5,1.1390524466034342,0.000257175691364077,0.006888971114000248,0.7566932165100754,0.9863502769417876,ENSG00000119335,8
0.8,1.2466347031452258,0.0003080471934280728,0.007432858746250606,0.7781165010952834,0.9893792428979415,ENSG00000119335,8
0.9,1.2813251465443105,0.0003254301108737293,0.007563051063302199,0.7833038908025937,0.9898457420126061,ENSG00000119335,8
0.99,1.3037785645491167,0.00033693530081948083,0.0077687478613231945,0.8043786067861461,0.9906885025448312,ENSG00000119335,8
0.995,1.3048600445620593,0.0003374947332253282,0.007838993799788188,0.804426096384899,0.990745405494366,ENSG00000119335,8
0.1,1.5827810638616877,0.0004965701742345249,0.009314394627526675,0.5945741321814177,0.847018350547807,ENSG00000120738,8
0.2,1.6319258024812133,0.000527889284667487,0.009599695769286286,0.6097297568863949,0.8668168897416691,ENSG00000120738,8
0.5,1.751275101881213,0.0006079233907916751,0.010268576637392068,0.6575184631853495,0.8989876417127862,ENSG00000120738,8
0.8,1.9567948345351214,0.0007589785266141398,0.011497974484767724,0.6839989762970259,0.9106837768664379,ENSG00000120738,8
0.9,2.1385969168547367,0.0009067794234908161,0.012504183138608111,0.6971503425090412,0.9177574650339662,ENSG00000120738,8
0.99,2.404006094044844,0.0011455474069353086,0.013752397351110434,0.717249308426762,0.9273607400800535,ENSG00000120738,8
0.995,2.4360037916357427,0.0011764438076128393,0.013930620411932335,0.722083366605679,0.9302285795576802,ENSG00000120738,8
0.1,1.1430807164911225,0.00025899853241590783,0.006752119858418077,0.6605766892337935,0.9541387271702543,ENSG00000121068,8
0.2,1.1767140120489208,0.00027446107990128165,0.006957216076839062,0.6676716537219838,0.959265336255751,ENSG00000121068,8
0.5,1.3184913826183604,0.00034458306852599226,0.007737497729603967,0.710807803535427,0.9700732823892517,ENSG00000121068,8
0.8,1.5747042956384494,0.0004915167809410162,0.009091036425950008,0.7389090805173875,0.9760385199379875,ENSG00000121068,8
0.9,1.639286974223577,0.0005326589157411606,0.009437559467616104,0.7526400902945521,0.9778723865550333,ENSG00000121068,8
0.99,1.726183339302269,0.0005906262215028778,0.009849528205626143,0.765174833382356,0.9810278258292612,ENSG00000121068,8
0.995,1.7291955283467222,0.0005926910667662601,0.009871263263551916,0.7653697086893132,0.9811218228236307,ENSG00000121068,8
0.1,1.4363748611794525,0.0004089539793851457,0.008755618206975726,0.7112282675119384,0.9585204654021064,ENSG00000123364,8
0.2,1.5427781128633127,0.00047180990998912996,0.009269513983030896,0.7226455348681361,0.9624532877061035,ENSG00000123364,8
0.5,1.7635351467596099,0.000616463831957064,0.010449091677655387,0.7479727242277943,0.9700971965849119,ENSG00000123364,8
0.8,1.9173785282890274,0.0007287105552675525,0.011539492688486764,0.7761735947305235,0.9761384991845475,ENSG00000123364,8
0.9,1.9920036481264194,0.0007865368754488697,0.011749871489820003,0.7837164143206394,0.9783812797348002,ENSG00000123364,8
0.99,2.115987456971927,0.0008874962622878964,0.01253480024566485,0.7996821194228786,0.9804602628019974,ENSG00000123364,8
0.995,2.135715563898281,0.0009041978257027173,0.012569625098188205,0.8016773639106638,0.9814501050786992,ENSG00000123364,8
0.1,1.7913478585894769,0.0006360625422518918,0.010516572518104783,0.5651192595680044,0.7457922650406311,ENSG00000123473,8
0.2,1.8291593520509903,0.0006631964627172042,0.010814446382965073,0.5794623983625917,0.7631557553165513,ENSG00000123473,8
0.5,1.9552546620196412,0.0007577918947806484,0.011485557405277125,0.6006993892468606,0.810298553353874,ENSG00000123473,8
0.8,2.1196159436555275,0.0008905399367018348,0.012315749064233475,0.6401447395316776,0.8438931778365428,ENSG00000123473,8
0.9,2.180252054500713,0.0009422199553464138,0.012771971202163897,0.6527980820729163,0.8584678862124798,ENSG00000123473,8
0.99,2.3838257874070568,0.0011264048428927,0.013798889596079491,0.6731166003612297,0.8756260982401196,ENSG00000123473,8
0.995,2.430241627895036,0.0011711144348950484,0.014032730601304225,0.6736226784549668,0.8757647145487727,ENSG00000123473,8
0.1,1.409111757254801,0.0003935772050715483,0.008442262167221524,0.6734970914511943,0.9384105614143059,ENSG00000124216,8
0.2,1.4540410350509918,0.0004190874673943667,0.008674569287605429,0.6854558434407112,0.9442182383649556,ENSG00000124216,8
0.5,1.5184876146935,0.00045704857449932435,0.009094303319133811,0.7119085534456298,0.9511863614213388,ENSG00000124216,8
0.8,1.6547236425471377,0.0005427392737025981,0.009866448269392075,0.7301896218120818,0.956850257278688,ENSG00000124216,8
0.9,1.7097707252015462,0.0005794495061670705,0.010073913032988581,0.7399141067861982,0.9590375465188524,ENSG00000124216,8
0.99,1.7901011911182438,0.0006351759908399509,0.010402476140278063,0.750922928950035,0.9633305187634361,ENSG00000124216,8
0.995,1.793952655614096,0.0006379150176483505,0.010480631157811546,0.7532889187804408,0.9634191346711147,ENSG00000124216,8
0.1,1.477118828103284,0.0004324871950246016,0.008876064257791293,0.6264615992050039,0.9295939150206342,ENSG00000124762,8
0.2,1.5206959754371394,0.0004583778510936785,0.009066760023426155,0.6508396859298808,0.9397869399073361,ENSG00000124762,8
0.5,1.6393106785577767,0.0005326739911442457,0.009854359149908686,0.6822165104820885,0.9527434187070125,ENSG00000124762,8
0.8,1.7859077912012276,0.000632213506728652,0.010562917730343246,0.715657139647848,0.9648196711711544,ENSG00000124762,8
0.9,1.9726560243553808,0.0007713323715652096,0.011485542216929953,0.7300599212876678,0.9683296599686727,ENSG00000124762,8
0.99,2.134284306377243,0.0009029099132556507,0.01262258263949708,0.7501078877732619,0.9756324149798562,ENSG00000124762,8
0.995,2.1507932488793893,0.000916985064533396,0.012823901187812032,0.7523058590772014,0.9756937656244065,ENSG00000124762,8
0.1,1.4217560742272977,0.0004006860421412793,0.008307864309314612,0.5835765906291384,0.884930236087995,ENSG00000124782,8
0.2,1.5794962733158537,0.0004945111366465242,0.009224088982694788,0.6299847811183501,0.9025616279569072,ENSG00000124782,8
0.5,1.7667170359995943,0.0006186896105701439,0.010461316652005264,0.6594892486797005,0.9179709129965953,ENSG00000124782,8
0.8,1.9336819491974293,0.0007411866646095743,0.01128516663789699,0.7094056072469533,0.9334704640108092,ENSG00000124782,8
0.9,2.122829042075705,0.0008932643697850213,0.012522596923500997,0.7310208232330071,0.9472438839664997,ENSG00000124782,8
0.99,2.356632699284175,0.001100841755022025,0.013719829602265738,0.7551562874142882,0.9564369111866471,ENSG00000124782,8
0.995,2.3834118904556787,0.0011261414969317466,0.013723331715338948,0.7570944715414764,0.9565562939645795,ENSG00000124782,8
0.1,1.3527320765121162,0.00036271275592404965,0.00823016775089554,0.6941457497582084,0.9707355363521654,ENSG00000125347,8
0.2,1.448926079270663,0.0004161367782242333,0.008905884857247725,0.7011594586038327,0.9740077738777517,ENSG00000125347,8
0.5,1.5922272315631791,0.0005025148884458359,0.009612779868393937,0.7342972388297719,0.9779407884266311,ENSG00000125347,8
0.8,1.6973859622345735,0.0005710862955434543,0.010435276018479302,0.7572937647781692,0.9805254611276456,ENSG00000125347,8
0.9,1.8357910953418655,0.0006680137371501322,0.011241337734139673,0.7686382979385185,0.9834787565528005,ENSG00000125347,8
0.99,1.9893040206047046,0.0007844143876313946,0.012091564568525512,0.7987711925519825,0.9856522685717025,ENSG00000125347,8
0.995,2.0208072800705073,0.0008096480809011105,0.01238678385114523,0.8007000875797043,0.9857157521882558,ENSG00000125347,8
0.1,1.173825305573094,0.00027311592365026596,0.007164082328964198,0.6433354225748877,0.9480228449267031,ENSG00000125740,8
0.2,1.2098875720776188,0.0002901542026386636,0.00732026994196178,0.6754774987861233,0.9566995868904425,ENSG00000125740,8
0.5,1.3173303289659115,0.00034397607238335475,0.007862521434103112,0.7013135267872417,0.9627845580794525,ENSG00000125740,8
0.8,1.4203760530637564,0.000399895042602466,0.008544080662122302,0.7184196796471827,0.9678708141069616,ENSG00000125740,8
0.9,1.5933721242038343,0.0005034023925753442,0.009446468087633735,0.7234973568090851,0.9695121030500258,ENSG00000125740,8
0.99,1.7494642459521346,0.0006066696277645515,0.010600398034041534,0.742497247332181,0.9719434054346375,ENSG00000125740,8
0.995,1.7733875427662553,0.000623486077913308,0.010744013894337318,0.7427721169366406,0.973146427679169,ENSG00000125740,8
0.1,2.073768275508025,0.0008524311009126706,0.012204551344349168,0.6460784525362879,0.8977853258100358,ENSG00000125931,8
0.2,2.14448238624045,0.0009115630335403011,0.012604121559971307,0.6539028896512468,0.9076185503447649,ENSG00000125931,8
0.5,2.3295124437851684,0.0010756458473406586,0.01374862280984343,0.6718973994136207,0.9187327929890213,ENSG00000125931,8
0.8,2.681435865607626,0.001425193009145628,0.015497693256594619,0.7067777317558065,0.9337977180424197,ENSG00000125931,8
0.9,2.816845508046434,0.0015727688642709643,0.01629596907522288,0.7184928980888283,0.9434842557995918,ENSG00000125931,8
0.99,2.9425311155356852,0.0017162582579780543,0.016990680751850108,0.7299134743210715,0.9482358617494858,ENSG00000125931,8
0.995,2.9713452386198007,0.001750196145403264,0.017029599701810668,0.7302478997424694,0.9502468258853984,ENSG00000125931,8
0.1,1.094227696040639,0.00023733088067118906,0.006566970604027876,0.6860862671002085,0.9706289141920645,ENSG00000126804,8
0.2,1.126715710065685,0.0002516332672856267,0.0067017400076586995,0.7042532435724909,0.9726320474328226,ENSG00000126804,8
0.5,1.2090413752081204,0.00028974903596200915,0.007115584452609529,0.7254622026429234,0.9752907339969191,ENSG00000126804,8
0.8,1.2774475262284282,0.0003234642916675517,0.0074978854317986465,0.7397828052993676,0.9784795124091861,ENSG00000126804,8
0.9,1.3230517200602987,0.0003469710433981166,0.007803354861419694,0.7450338795973024,0.980184949428992,ENSG00000126804,8
0.99,1.3949562312455428,0.0003857295808003311,0.008348246666096218,0.7560266106977146,0.9822880798190556,ENSG00000126804,8
0.995,1.4454090722044226,0.00041462919706543566,0.008503013084605517,0.7579015902197267,0.9824550157378859,ENSG00000126804,8
0.1,1.3455102238955532,0.0003588499034504233,0.007910396847782886,0.6084228554805693,0.9023646988820472,ENSG00000127947,8
0.2,1.4488044925568297,0.00041606310211669205,0.008416333938230712,0.6260047268850824,0.9092842689016236,ENSG00000127947,8
0.5,1.6175624026002182,0.0005186388511361306,0.009350327183497206,0.6511738100006002,0.9224308907725172,ENSG00000127947,8
0.8,1.7942412073630194,0.000638117354882573,0.010242675498653587,0.6842387152673773,0.9431285047010496,ENSG00000127947,8
0.9,1.8334450092903827,0.0006663074123300997,0.010502015824728018,0.6961703582218184,0.9481092316237735,ENSG00000127947,8
0.99,1.919050644414989,0.0007299815621788583,0.010798833245872833,0.7091973023805352,0.951959901998198,ENSG00000127947,8
0.995,1.925354034629677,0.0007347926053665711,0.010811272042124034,0.7095073834892713,0.9526455014125411,ENSG00000127947,8
0.1,0.9647714149979524,0.00018449695020310612,0.005755343561452887,0.6585625494667302,0.9343486765169042,ENSG00000129514,8
0.2,1.0017292621926404,0.00019890321861435362,0.005943970736001693,0.6733551645960177,0.9381115886736039,ENSG00000129514,8
0.5,1.0711327766270335,0.0002274223001411292,0.006443366691163478,0.7040100390938487,0.9544822977504686,ENSG00000129514,8
0.8,1.253966390205787,0.0003116813094513138,0.007303252302936654,0.7277572099119402,0.9618307182830492,ENSG00000129514,8
0.9,1.307044031826623,0.000338625849864918,0.007487713053435324,0.7317477283696452,0.9635585796903132,ENSG00000129514,8
0.99,1.4099766656122443,0.00039406045314485877,0.008022218002750634,0.7476971638347756,0.9662213691098677,ENSG00000129514,8
0.995,1.4143944120447685,0.0003965374556153426,0.008112101802180699,0.7532138691829956,0.9671160023512211,ENSG00000129514,8
0.1,1.9371564341300407,0.0007438314425464384,0.011768103162156318,0.5975695268554378,0.8734268706462242,ENSG00000129757,8
0.2,2.028733151391063,0.0008158094207301969,0.012173463855371965,0.6084790832212584,0.8976250194005317,ENSG00000129757,8
0.5,2.318457181266267,0.0010654734674891116,0.013947682774441438,0.6413479253132311,0.9143176106927942,ENSG00000129757,8
0.8,2.525149474440716,0.001263902202976452,0.015047364618516636,0.6963391314734391,0.9366361975392308,ENSG00000129757,8
0.9,2.78197421516725,0.0015341371456355944,0.01643409659912144,0.71338022810429,0.9451860254478062,ENSG00000129757,8
0.99,3.2187821837597643,0.0020536291371994375,0.018665217576353747,0.7474279496434952,0.963581007490278,ENSG00000129757,8
0.995,3.221273042383981,0.0020568099788518092,0.01883103428549144,0.750282746238867,0.9639323582359935,ENSG00000129757,8
0.1,1.11582060930139,0.00024679005338677524,0.006755022797666209,0.6387556651148529,0.9252605430637207,ENSG00000129993,8
0.2,1.1724470490066756,0.00027247472447184247,0.0071056576998178595,0.6572809620381099,0.931965160164655,ENSG00000129993,8
0.5,1.32966961180904,0.0003504561606264951,0.007742183307470578,0.6768583984222103,0.9407496885764662,ENSG00000129993,8
0.8,1.420416164346667,0.00039991755181214536,0.00826277781397678,0.703592359819567,0.9500711658878163,ENSG00000129993,8
0.9,1.4830691624243522,0.00043597510383874756,0.008688412607645154,0.7175557885698438,0.9557236190198471,ENSG00000129993,8
0.99,1.54527324301318,0.0004733148187867482,0.009118220732177508,0.7407359953481141,0.9634688782457277,ENSG00000129993,8
0.995,1.5550540336351877,0.0004793440325061637,0.009201290273170551,0.7428853103042914,0.9635221104199849,ENSG00000129993,8
0.1,1.0061581123856869,0.00020066484987252492,0.005917049121977863,0.6774940083510647,0.9686682143016454,ENSG00000130176,8
0.2,1.0403798148310837,0.00021454916054681341,0.006092193279966668,0.6940887404768503,0.9745798627372949,ENSG00000130176,8
0.5,1.1188124738517027,0.000248115257763739,0.006454962032000034,0.7079566751570137,0.9780608466969662,ENSG00000130176,8
0.8,1.2030585537864733,0.0002868880591369297,0.006891122639621905,0.7253194075312702,0.981075430963334,ENSG00000130176,8
0.9,1.3255247808656605,0.0003484481320726566,0.007599650941059517,0.7320169319029086,0.9824000498624068,ENSG00000130176,8
0.99,1.5286094069602143,0.0004631609961022724,0.008770672021678843,0.7497229069946754,0.9840993251019354,ENSG00000130176,8
0.995,1.5321492721368406,0.00046531103585714006,0.008840256889650643,0.7533956895162109,0.984269254255805,ENSG00000130176,8
0.1,1.1507181022337838,0.0002624682465859627,0.00688796751202527,0.7139651003078408,0.9788310054866253,ENSG00000130829,8
0.2,1.1837997046356672,0.00027777699251444767,0.0070233974594813755,0.7292268782630132,0.9818685134959264,ENSG00000130829,8
0.5,1.324836841345748,0.0003479074995341498,0.00786057340273374,0.7429530594490534,0.9843252804269453,ENSG00000130829,8
0.8,1.4154147480193708,0.00039711061032023223,0.008347998854893693,0.7634401979035366,0.9873939073467559,ENSG00000130829,8
0.9,1.5153762103595745,0.0004555200861212573,0.008863466136658903,0.7701008699846319,0.9879902979996106,ENSG00000130829,8
0.99,1.712087103453218,0.0005810225778971625,0.00975115088660841,0.7923498219954613,0.988846381492254,ENSG00000130829,8
0.995,1.7323905043699708,0.0005949647999128258,0.009848800982029615,0.7926545109441516,0.9889310400153682,ENSG00000130829,8
0.1,1.6050526741346105,0.0005106430367331301,0.009666657507429214,0.6436453524298195,0.9411361677168253,ENSG00000131721,8
0.2,1.6516639159596391,0.0005407322889242763,0.009856779692981679,0.693149176615683,0.9563230968380564,ENSG00000131721,8
0.5,1.7690284132702343,0.0006203104448618689,0.010425440045322979,0.7296303206493873,0.9662259607970978,ENSG00000131721,8
0.8,2.0200554289690595,0.000808851624247717,0.01196999074601867,0.7493484053262239,0.9713060394875296,ENSG00000131721,8
0.9,2.268937573617252,0.0010221593496209432,0.013632547680170866,0.7531318655655556,0.9733158414032105,ENSG00000131721,8
0.99,2.7892427776358635,0.0015420993646204004,0.016838513031317736,0.7617985849974488,0.9748916511845179,ENSG00000131721,8
0.995,2.809156150612244,0.00156427409948542,0.016888244765919956,0.7629373865158381,0.9749351837796213,ENSG00000131721,8
0.1,1.5821608362202622,0.00049618215229029,0.009227225677466132,0.5639473647429837,0.746079945832818,ENSG00000134294,8
0.2,1.6434685014129207,0.0005353820467106072,0.009582784262483102,0.569244579732906,0.7598062712312762,ENSG00000134294,8
0.5,1.7367574176898912,0.0005978889397849076,0.01006014341896478,0.5934755819928481,0.791533604778291,ENSG00000134294,8
0.8,1.8942071965225136,0.0007112086630599258,0.010891917252840746,0.6159856954651017,0.8120778567571695,ENSG00000134294,8
0.9,1.9962485566887251,0.0007898927556559266,0.011216690988583335,0.6297540914043509,0.8214161813431203,ENSG00000134294,8
0.99,2.072415341335144,0.0008513279461326046,0.012147038306283733,0.6501921866811176,0.8452450688403398,ENSG00000134294,8
0.995,2.105468263047785,0.0008789120263536299,0.01230224294259154,0.6518978994134844,0.8464968645958659,ENSG00000134294,8
0.1,1.2099801346014434,0.0002902004751146837,0.007182437858217172,0.6340247459287498,0.9701733995595665,ENSG00000135111,8
0.2,1.2584569163981942,0.0003139176954628062,0.007485349430874418,0.6428531872774583,0.9718883754986986,ENSG00000135111,8
0.5,1.3184795696829317,0.00034457652453132894,0.0077718882032086056,0.6515951779608444,0.9748733330140756,ENSG00000135111,8
0.8,1.4001401605317363,0.0003885819208452287,0.008117728282474975,0.6685102068314803,0.9768555572709098,ENSG00000135111,8
0.9,1.4445668019786706,0.00041363575239494255,0.008302283871625798,0.675243456498212,0.9784552370831618,ENSG00000135111,8
0.99,1.5389243378987891,0.0004694327991976419,0.008719864888304868,0.6870940967249957,0.9814629599947737,ENSG00000135111,8
0.995,1.5418850520357,0.00047124250874267036,0.008789828697915687,0.6871222477711686,0.9817057285101607,ENSG00000135111,8
0.1,1.2524436103731886,0.0003109246773960872,0.00766356928189549,0.6814024660503948,0.9716083263275465,ENSG00000139219,8
0.2,1.3026544976625154,0.00033635522387965986,0.007902795268592588,0.6951753009500274,0.9743705079028082,ENSG00000139219,8
0.5,1.3958531325408643,0.00038620561947045077,0.008477895211816213,0.7205300686099823,0.9782528908044598,ENSG00000139219,8
0.8,1.5069327421877552,0.0004501205233417286,0.009138857956452171,0.7425013022359781,0.9814752015306266,ENSG00000139219,8
0.9,1.5920764120297393,0.0005024883361676308,0.009632953033669074,0.7528975189573603,0.983014582200267,ENSG00000139219,8
0.99,1.7726109932255147,0.0006228327531851611,0.010492401247174387,0.7733422723534141,0.9849585583201413,ENSG00000139219,8
0.995,1.8046622997665354,0.0006457589803185774,0.010696596465190576,0.7738967587721577,0.9854164332156323,ENSG00000139219,8
0.1,1.3164953260302381,0.0003435444008911504,0.007958839474944857,0.6885496389552895,0.9499536103549756,ENSG00000141858,8
0.2,1.3531841256406942,0.00036295502934146603,0.008190631994992485,0.6949460635897042,0.9541928708342379,ENSG00000141858,8
0.5,1.4285633954308548,0.0004045184218398111,0.008646293900868924,0.714265127293573,0.9608244033654024,ENSG00000141858,8
0.8,1.5252174712917828,0.0004611077107865175,0.00920344010537362,0.7326664221085526,0.9654665425807184,ENSG00000141858,8
0.9,1.6056717350012752,0.0005110381233400167,0.009465985989859132,0.7405763991883281,0.9675263691949231,ENSG00000141858,8
0.99,1.6892545368202447,0.0005656310711765673,0.009789117301488797,0.7514923311013285,0.9710623529549168,ENSG00000141858,8
0.995,1.7155153816382311,0.0005834879263760002,0.009837597733271924,0.7552403529483833,0.9719451808955791,ENSG00000141858,8
0.1,2.559879073476132,0.0012989138976483322,0.014810809258398446,0.5565539505166613,0.6422556040893439,ENSG00000142731,8
0.2,2.6671756658973163,0.001410074557467846,0.015542988256949195,0.5752198376761681,0.6762252398590112,ENSG00000142731,8
0.5,2.918141651351997,0.0016879190413329709,0.016720254138201066,0.6128930294298316,0.7172141638074363,ENSG00000142731,8
0.8,3.2070520330722125,0.0020386888789263534,0.01824203586953949,0.6420823916254622,0.7606592667890768,ENSG00000142731,8
0.9,3.4925358635929786,0.002418505423373335,0.019701120527856716,0.6612907596164086,0.7756714921930695,ENSG00000142731,8
0.99,4.236931757984244,0.0035583452279594027,0.02400351014799445,0.6845233059213575,0.7966734233106221,ENSG00000142731,8
0.995,4.317297127910876,0.0036958659187256303,0.02449380725186664,0.68686491057217,0.7979567824630809,ENSG00000142731,8
0.1,1.205697789390651,0.0002881530692380569,0.007174338404427937,0.5071879930994881,0.7869639432904927,ENSG00000142945,8
0.2,1.2842650808749494,0.0003269252274080178,0.007650881969911536,0.5176118396095998,0.8008567541147166,ENSG00000142945,8
0.5,1.378024695085354,0.0003764030067713758,0.008143771617943956,0.5381103482663246,0.8182937659184284,ENSG00000142945,8
0.8,1.4442903622001453,0.0004134766784786845,0.008446740384993398,0.5571764712960894,0.8389652145977524,ENSG00000142945,8
0.9,1.4903975273601777,0.0004403167087192908,0.00877344385209532,0.5732372430251101,0.8498766685632649,ENSG00000142945,8
0.99,1.6161113113848486,0.0005177048548016548,0.00939507774821549,0.5929681994808813,0.8605553976755765,ENSG00000142945,8
0.995,1.6274795471867904,0.0005250389542399833,0.009485520118882866,0.5972965973699943,0.8689269342219251,ENSG00000142945,8
0.1,1.6889037352584122,0.0005653912816368347,0.009959608191553755,0.5698616510868314,0.788729054418581,ENSG00000143674,8
0.2,1.7628845301631177,0.0006160084756326716,0.01028294918316306,0.5763694718054052,0.8072106425521653,ENSG00000143674,8
0.5,1.907932232944797,0.0007215472038633825,0.011155572554034699,0.613907785613898,0.8383810594717749,ENSG00000143674,8
0.8,2.1218423667066677,0.0008924137212004851,0.01228649886672591,0.6435594712364443,0.857464596598863,ENSG00000143674,8
0.9,2.297741912349498,0.0010465063397368678,0.013210737300589264,0.6554442330799033,0.8748624208645362,ENSG00000143674,8
0.99,2.4461935901657594,0.00118610382907464,0.014164666727455286,0.6710634556978489,0.8831582494508896,ENSG00000143674,8
0.995,2.473775170240155,0.0012131495946507164,0.014174261368753245,0.6713314003659857,0.8858597002612821,ENSG00000143674,8
0.1,1.0372358499384193,0.00021329692927456404,0.006151576284416682,0.576788300654048,0.8574782337538605,ENSG00000143995,8
0.2,1.160509344823227,0.00026696395960823445,0.006861791854803757,0.5865589651247801,0.8638258383596219,ENSG00000143995,8
0.5,1.2506758103808162,0.0003100491780627069,0.007409275381607102,0.6045761274055843,0.8791299411919999,ENSG00000143995,8
0.8,1.3617813045036462,0.0003675814796038618,0.007931861314299947,0.6384481185430221,0.8951487281538805,ENSG00000143995,8
0.9,1.389378596882459,0.00038263094546861666,0.008075177532888753,0.6577045209392945,0.909737748414912,ENSG00000143995,8
0.99,1.4412969388167398,0.00041176204038034125,0.008518280419671403,0.681608265890405,0.9270112552616713,ENSG00000143995,8
0.995,1.449361673085382,0.00041639556259382354,0.00853071118457574,0.6862704843057525,0.927931260662828,ENSG00000143995,8
0.1,1.2108868193177498,0.00029063407827407034,0.0071833424252148,0.5629108175555847,0.803106211696463,ENSG00000144655,8
0.2,1.2602176891670074,0.0003147970593114277,0.007407582442816486,0.5796656728596148,0.8210989267386458,ENSG00000144655,8
0.5,1.4377320646639808,0.0004097279992360278,0.008419509764526607,0.6027046983116657,0.8519209285326248,ENSG00000144655,8
0.8,1.5467381024840916,0.0004742135286844538,0.009020052852469327,0.6383929388133285,0.8672195996972425,ENSG00000144655,8
0.9,1.6901068554109409,0.0005662774872639398,0.009707498249497775,0.6463121523991585,0.874956233059463,ENSG00000144655,8
0.99,1.8913896500335048,0.0007090997192017107,0.011248452575445256,0.666703573131329,0.8888195053289067,ENSG00000144655,8
0.995,1.9277016203665673,0.0007368441494376099,0.011333922723981706,0.668900966340808,0.8888771919879368,ENSG00000144655,8
0.1,1.3506450316729008,0.0003615940555168795,0.008112581396932462,0.5526024595477359,0.8962330204516216,ENSG00000149328,8
0.2,1.4173670745563411,0.00039820582668820053,0.008340643574718894,0.5816261621032607,0.905436447775253,ENSG00000149328,8
0.5,1.5643904129550377,0.000485099832243505,0.00914817929918421,0.6157058197281936,0.9230691473683303,ENSG00000149328,8
0.8,1.8144399115066816,0.0006526358992171316,0.010732504714819622,0.642175598566127,0.9385963448169383,ENSG00000149328,8
0.9,1.9367573189182314,0.0007435171239699324,0.011258427195069478,0.6511732253735288,0.9424640124295074,ENSG00000149328,8
0.99,2.120678680450331,0.0008914407913393964,0.012141388247194834,0.6744195554052549,0.9471818023250284,ENSG00000149328,8
0.995,2.1524274303428315,0.0009185276886634943,0.012361329104233213,0.6749636354850261,0.9472011420658955,ENSG00000149328,8
0.1,1.1833705844784133,0.0002775751563702432,0.006886656617110506,0.4742452054366009,0.6114017212877976,ENSG00000153094,8
0.2,1.2892890993767734,0.00032949112063780585,0.007536363864528878,0.483098808260193,0.6277601457480375,ENSG00000153094,8
0.5,1.4058456612048056,0.00039175681386855723,0.008115006781063389,0.5140418512019103,0.6729918474577192,ENSG00000153094,8
0.8,1.5532615620536496,0.0004782245821257924,0.008985890591710408,0.5503032258918198,0.7142989824243376,ENSG00000153094,8
0.9,1.5861351825678551,0.0004986844741426963,0.009268390046895648,0.5654262772753532,0.724706773071656,ENSG00000153094,8
0.99,1.6911007758561574,0.0005668626348148409,0.009912375827275983,0.5831295128828086,0.7599114038872504,ENSG00000153094,8
0.995,1.6930816480072908,0.0005681921645080972,0.009986937023490837,0.5886919689522812,0.7618163923901877,ENSG00000153094,8
0.1,0.9055564045299606,0.0001625438859611783,0.0053268438906078665,0.6135773852007448,0.9174802713710836,ENSG00000154127,8
0.2,0.9328822520978987,0.00017250134838355454,0.005513180490828785,0.6314643200853254,0.9255978515294482,ENSG00000154127,8
0.5,1.0617433894645947,0.00022344912275543832,0.006103866299150726,0.656915660602619,0.94114454518698,ENSG00000154127,8
0.8,1.1619254691567602,0.0002676115533738605,0.006541080439416592,0.679946833374578,0.9509049969032867,ENSG00000154127,8
0.9,1.2258115718437512,0.0002978437411310804,0.006797718034633225,0.6939878928192117,0.9541198135154911,ENSG00000154127,8
0.99,1.329928377388182,0.0003505951233614331,0.007219799110228518,0.7098159343991849,0.9592458880486057,ENSG00000154127,8
0.995,1.362516447408667,0.0003681931627264279,0.00743338341479924,0.7157273721807391,0.9595799387958233,ENSG00000154127,8
0.1,0.9123693051037266,0.00016499856696503825,0.00542228077141998,0.5748515149706289,0.8812456738394898,ENSG00000156030,8
0.2,0.9397847606152503,0.00017506358048400262,0.00552731238633476,0.6078600932549227,0.9103130772560425,ENSG00000156030,8
0.5,1.0153813672757788,0.00020436064674782492,0.005954567140619245,0.6626751859902084,0.9318554713677183,ENSG00000156030,8
0.8,1.1919522216682927,0.0002827420185422375,0.006865908674897925,0.676514507596648,0.9410226805344564,ENSG00000156030,8
0.9,1.4958023707714319,0.00044349431822081624,0.008285046054855014,0.6824250140988807,0.9444895499864794,ENSG00000156030,8
0.99,1.6228227364636347,0.0005220126547487166,0.008972006674886185,0.695479905666092,0.9495393223407567,ENSG00000156030,8
0.995,1.6250983227408378,0.000523478660352818,0.008983300529136925,0.6991342548799712,0.950441223174758,ENSG00000156030,8
0.1,0.8621907231570026,0.00014734853569195014,0.005190695678199264,0.6958760037282011,0.9744032389123796,ENSG00000157557,8
0.2,0.9002543503195165,0.00016064649466790502,0.005389265616529528,0.7042321703317895,0.9756231188324471,ENSG00000157557,8
0.5,1.0061559606338233,0.00020069078625693305,0.006003070702761208,0.7171003557234479,0.9803303453863009,ENSG00000157557,8
0.8,1.1426534343387544,0.00025880247368910696,0.006603555478092043,0.7381671939758583,0.9842554229939485,ENSG00000157557,8
0.9,1.1584517669438144,0.00026600823341226904,0.006736063164829193,0.7489979801302756,0.9855882946553121,ENSG00000157557,8
0.99,1.2016803029566911,0.00028624517269236553,0.006978124012715953,0.7603933683309984,0.9870979078185406,ENSG00000157557,8
0.995,1.243701803914479,0.0003069565225891623,0.007052303474438837,0.7628121195529322,0.9871477911918001,ENSG00000157557,8
0.1,1.2188059108394802,0.00029444754232318564,0.007174710723168319,0.6008621600046677,0.8979675522130024,ENSG00000158158,8
0.2,1.268671573422486,0.00031903469892015645,0.0075566318884261775,0.6086738787101572,0.9041329117841489,ENSG00000158158,8
0.5,1.4395229973567814,0.00041074912796604517,0.008500933469083923,0.6485679494675938,0.923601964881765,ENSG00000158158,8
0.8,1.6874448428046818,0.0005644144398683427,0.009701988983808175,0.6828250594156815,0.9409809509439816,ENSG00000158158,8
0.9,1.7697069900095914,0.0006207862235814151,0.010021816445285065,0.6909548083120246,0.9454997827783284,ENSG00000158158,8
0.99,1.815309964764677,0.0006531913898426957,0.010462526668742731,0.70757751045724,0.952639433787801,ENSG00000158158,8
0.995,1.818005547457021,0.0006551341097208695,0.010512602377469251,0.71386605213175,0.9527794569283856,ENSG00000158158,8
0.1,2.2076470389474614,0.000966047099007467,0.01352984652413933,0.6590743969028804,0.9032610351357085,ENSG00000158793,8
0.2,2.317556486828008,0.0010646322187310374,0.014021148565945397,0.6766199496818377,0.9107819698356366,ENSG00000158793,8
0.5,2.5258188360143707,0.0012645775047569969,0.015367972495967393,0.7036456453972132,0.92555358076736,ENSG00000158793,8
0.8,2.7650054125182915,0.0015154589265253314,0.01691561510257145,0.7384644791521016,0.9435894407607371,ENSG00000158793,8
0.9,2.8963110270128447,0.0016627691481163338,0.01778741156242337,0.7485324661798844,0.9479839014715098,ENSG00000158793,8
0.99,3.0454310868188403,0.0018383865610129423,0.01829441870048287,0.7736511086244807,0.952610444372592,ENSG00000158793,8
0.995,3.0609220440486,0.0018571830678637085,0.01846443092094891,0.773977095158949,0.9558147375296635,ENSG00000158793,8
0.1,1.5741079213898523,0.0004911429524753611,0.009151357286213819,0.5683741627854236,0.8099062044956452,ENSG00000159399,8
0.2,1.651696485839965,0.0005407535756504011,0.00966501472173449,0.5814557196879652,0.816464080437927,ENSG00000159399,8
0.5,1.7674779010117967,0.0006192226834833778,0.010243506168287595,0.6071990859590941,0.8367897748864139,ENSG00000159399,8
0.8,1.93656933208093,0.0007433700161663004,0.011372535081968796,0.6262340784662035,0.859966245517896,ENSG00000159399,8
0.9,2.063682658424627,0.0008441915884773016,0.012132940315996274,0.6429444505462294,0.8711978233927333,ENSG00000159399,8
0.99,2.312296977226129,0.001059805235055391,0.013247533255012524,0.66866146805336,0.8839471211325272,ENSG00000159399,8
0.995,2.3138699179479922,0.0010612480716174113,0.01330456766451426,0.6803881319864028,0.8868739700741293,ENSG00000159399,8
0.1,1.27124020926957,0.0003203511809479599,0.007460720487733176,0.5664225252343088,0.7987662840221983,ENSG00000159556,8
0.2,1.3283878579632873,0.00034977570164144767,0.007869094569530801,0.580108727405146,0.8137863781858803,ENSG00000159556,8
0.5,1.4011052548433962,0.0003891172176027903,0.008268934070334088,0.6027574298380616,0.8367699339035433,ENSG00000159556,8
0.8,1.4930288607118523,0.0004418505567764195,0.008697106951450016,0.627284702094926,0.852747075868776,ENSG00000159556,8
0.9,1.6075596120800855,0.0005123154453942719,0.00932310396514624,0.6449970433489596,0.8623526297619082,ENSG00000159556,8
0.99,1.7300808356002666,0.0005933278235417943,0.010114907031777823,0.6708335714262745,0.8883288224720026,ENSG00000159556,8
0.995,1.7928463389568714,0.0006379221188406705,0.010409219552248642,0.6785466827097741,0.8894324455867714,ENSG00000159556,8
0.1,0.9925853415434399,0.00019528754699546595,0.005941084219564614,0.5404370840910356,0.803360107088026,ENSG00000160185,8
0.2,1.025162742481658,0.00020831778380040733,0.0061394885115228885,0.5802882956648169,0.8252609966404285,ENSG00000160185,8
0.5,1.1455663002019831,0.0002601249989400572,0.006801489211621546,0.5962490459858943,0.8468699856243349,ENSG00000160185,8
0.8,1.2562386258460227,0.0003128121672378563,0.007314100184106296,0.6178204245487906,0.8657243977379052,ENSG00000160185,8
0.9,1.437975628955687,0.0004098680553499317,0.008184121572312637,0.6407915852850603,0.8699244089301689,ENSG00000160185,8
0.99,1.5803280603606384,0.0004950340138103577,0.00906877239096996,0.672277488165067,0.8968899119778142,ENSG00000160185,8
0.995,1.5959190007883375,0.0005048970158881436,0.009129181091676163,0.6723481865195845,0.8978618868387669,ENSG00000160185,8
0.1,1.128717110563894,0.0002525278519576344,0.006778797373288638,0.7199570431915933,0.9839608100833298,ENSG00000161405,8
0.2,1.2625227956240692,0.00031595011078472363,0.007566894623335811,0.7294266843197068,0.9847749766031905,ENSG00000161405,8
0.5,1.476012409434309,0.00043183723722903304,0.008541345328082652,0.7580943602320138,0.9892271035132264,ENSG00000161405,8
0.8,1.657346711053189,0.0005444595253551711,0.009588052826739748,0.7792676883494523,0.9917035486279595,ENSG00000161405,8
0.9,1.709188073047242,0.0005790535593114788,0.009793213900601058,0.7870635330569093,0.9930347866886946,ENSG00000161405,8
0.99,1.7852146763467325,0.0006317135968015263,0.010065491954476145,0.7977604087055052,0.9937463541337559,ENSG00000161405,8
0.995,1.7947260744199853,0.0006384804710616935,0.010174240320206028,0.80011613093032,0.9938460196557981,ENSG00000161405,8
0.1,1.0974459749148044,0.00023872904612088212,0.006473161023674703,0.7051019250589508,0.9790683553453448,ENSG00000163497,8
0.2,1.128501064620741,0.00025243117721939124,0.0066546254557378545,0.7178000440731559,0.9807897869661513,ENSG00000163497,8
0.5,1.2675713206627894,0.0003184816101205153,0.007360130017274574,0.7364612864132598,0.9842959763591725,ENSG00000163497,8
0.8,1.436385772996791,0.0004089601965076083,0.008170515752201015,0.7592609005221207,0.9875575056616082,ENSG00000163497,8
0.9,1.5082399173142218,0.0004508994603014602,0.008351168711798734,0.7728441207610777,0.9880223894868985,ENSG00000163497,8
0.99,1.5721397464309972,0.0004899162134285625,0.008819378355204365,0.7936242398821809,0.9899123583367533,ENSG00000163497,8
0.995,1.5819826303938227,0.000496088777492954,0.008901282856783477,0.7940903376007817,0.989924221334584,ENSG00000163497,8
0.1,1.1598132517206798,0.0002666345867650095,0.006722654189823912,0.4552752848933504,0.6478647579865966,ENSG00000163513,8
0.2,1.2028170355437364,0.0002867728472783392,0.0070219677900148795,0.5113418654261892,0.7078750304699882,ENSG00000163513,8
0.5,1.300518719565406,0.00033525254579733004,0.007618853295333496,0.563696286293329,0.7699139825281465,ENSG00000163513,8
0.8,1.5700968618780435,0.0004889742925397205,0.008919465702307075,0.5921833387712994,0.7959129268595851,ENSG00000163513,8
0.9,1.8234634456094567,0.0006591482035763828,0.010213218132516631,0.6088367955704171,0.8116937310494188,ENSG00000163513,8
0.99,1.9894936726722114,0.0007845576795917869,0.01141371068861512,0.6360763865822618,0.8379657247641452,ENSG00000163513,8
0.995,2.0039295121192553,0.0007960249936515279,0.011473688461251836,0.6379196651659137,0.842702692440089,ENSG00000163513,8
0.1,1.7465814699350015,0.0006046677277675949,0.010248511432345508,0.6034456962873436,0.86385856615205,ENSG00000163629,8
0.2,1.8218534835496187,0.0006579090782903277,0.01072299770274486,0.6218270384477834,0.8849984577926902,ENSG00000163629,8
0.5,1.9743284012383469,0.00077268062650129,0.011474978060114098,0.6598113388344979,0.9058121097164933,ENSG00000163629,8
0.8,2.28528215907243,0.00103519160863124,0.013246828284750514,0.6869751212369898,0.920156472846102,ENSG00000163629,8
0.9,2.4885440383580963,0.0012275242653520927,0.014187036806261428,0.6967164807485584,0.924844356092798,ENSG00000163629,8
0.99,2.881351421654133,0.0016456270578990705,0.016198473225759166,0.7139352024567317,0.9365290011117237,ENSG00000163629,8
0.995,2.889204943462278,0.001654622027581351,0.01621774077885618,0.7229374683331701,0.9387831387854096,ENSG00000163629,8
0.1,1.023302134570342,0.00020756143496403337,0.006281203354286288,0.7108240726920124,0.9686991179238142,ENSG00000164920,8
0.2,1.063949098168935,0.00022437818488341482,0.006523919278887456,0.7202605073799558,0.9717811617894977,ENSG00000164920,8
0.5,1.2003863819875074,0.0002856185489130815,0.0072086589594888536,0.7392359170391241,0.9784717696791826,ENSG00000164920,8
0.8,1.3457240742890797,0.000358964156221666,0.008088694777846146,0.7724001866814814,0.983447418799725,ENSG00000164920,8
0.9,1.452135581265427,0.00041798118270700984,0.008642699727497913,0.7833563960029434,0.9844971136030102,ENSG00000164920,8
0.99,1.5378998700876414,0.0004688086616740915,0.008954901629627787,0.7940146106463134,0.9863946482063486,ENSG00000164920,8
0.995,1.547453472687887,0.00047466905159991053,0.00898595003439918,0.7956898197446476,0.9865074526136048,ENSG00000164920,8
0.1,1.2123566314372674,0.0002913396871561632,0.007336556856991567,0.6882676125943995,0.9681047401358165,ENSG00000166450,8
0.2,1.2578635934010265,0.00031362213970359917,0.0074666157601770335,0.6969775817269729,0.9690313656914801,ENSG00000166450,8
0.5,1.3493327611499049,0.00036089214995154215,0.008003745420427439,0.7188339630953813,0.9733293006081325,ENSG00000166450,8
0.8,1.4213354925801955,0.0004004350015212481,0.008398121211142933,0.7348659478678154,0.9768892314869512,ENSG00000166450,8
0.9,1.4436611463698974,0.00041311393930075404,0.008603452805386949,0.7424326949103222,0.9781418762022451,ENSG00000166450,8
0.99,1.5247953823819107,0.00046085438204398045,0.008863732872586254,0.7580605017956911,0.9804968273490473,ENSG00000166450,8
0.995,1.540047665733014,0.00047016534083577197,0.008986291224109823,0.7588852257000689,0.9805956802236769,ENSG00000166450,8
0.1,1.7498886805574656,0.0006069615374613478,0.01043543253663264,0.6612881986877128,0.9283825968252397,ENSG00000167470,8
0.2,1.7960004110893766,0.0006393708111826748,0.0107645431821785,0.6742164459883758,0.9352353604198248,ENSG00000167470,8
0.5,1.9108570302528536,0.0007237620826844965,0.011371501139512782,0.7094280080646744,0.9499743525262558,ENSG00000167470,8
0.8,2.2589721854463547,0.0010115149062954554,0.01338241212854127,0.7267469496635754,0.9574963725447869,ENSG00000167470,8
0.9,2.5406645344129575,0.0012794799636190956,0.014342076815479988,0.7373407065237645,0.9602275183547486,ENSG00000167470,8
0.99,2.729713584001437,0.0014771327352364912,0.015490040659131956,0.7537289859869556,0.9641170615858685,ENSG00000167470,8
0.995,2.8702851494286072,0.0016370062246442243,0.016440380679626703,0.7572227913355991,0.964485857266841,ENSG00000167470,8
0.1,1.3130808000372394,0.00034176054733187414,0.007671451838205403,0.6214786010893482,0.8844805170722803,ENSG00000169410,8
0.2,1.346176723286754,0.00035920554717523267,0.007885737576932122,0.6392600028818463,0.8994413317193877,ENSG00000169410,8
0.5,1.462685397052034,0.0004240733495862852,0.008629389717109354,0.6751436511539983,0.9176748229709093,ENSG00000169410,8
0.8,1.6160454838808813,0.0005176617239626396,0.009328944303458991,0.693995193141816,0.9273323323600597,ENSG00000169410,8
0.9,1.7891052266421876,0.0006344693896602697,0.010139284297284742,0.7019021141897639,0.9316341498044571,ENSG00000169410,8
0.99,1.8987530509515524,0.0007146210452832884,0.010811419730743123,0.7121561142004739,0.9396327278711203,ENSG00000169410,8
0.995,1.8995389707531845,0.0007152128704773403,0.01091426275604543,0.7176790075596224,0.9402056967403319,ENSG00000169410,8
0.1,1.4625259654792246,0.0004239807616318874,0.008765157937116273,0.6307694703624633,0.9161797942063284,ENSG00000170608,8
0.2,1.489541241596139,0.000439788561599261,0.00893617382732732,0.6440985281103446,0.9239144220960104,ENSG00000170608,8
0.5,1.6306363328674087,0.0005270596254482327,0.009690433808352723,0.6691449815251258,0.9335454311457334,ENSG00000170608,8
0.8,1.7459336725134664,0.0006042213301481118,0.010292897026193529,0.6905284906956235,0.9431209785118468,ENSG00000170608,8
0.9,1.8260393701910191,0.0006609587849966002,0.010787529835381471,0.7022544006550343,0.9472092284706838,ENSG00000170608,8
0.99,2.0016426444450905,0.0007941683370000615,0.011661671691741345,0.7212900840805792,0.951452967823185,ENSG00000170608,8
0.995,2.013812549059549,0.0008038834650902141,0.01176687903100916,0.7273501295552185,0.951585385286639,ENSG00000170608,8
0.1,1.2808060121529912,0.0003251664546477662,0.007548200001695292,0.6620934062586772,0.9407201749215098,ENSG00000170689,8
0.2,1.3101869614594606,0.0003402558049136485,0.007717327477892491,0.6724274446132718,0.9452920795766724,ENSG00000170689,8
0.5,1.4252544730480947,0.0004026463783873357,0.008403896435510861,0.6900878086503408,0.9522657728297859,ENSG00000170689,8
0.8,1.520618176948289,0.0004583311803226904,0.008982934883697249,0.7138193290017746,0.9575720399782334,ENSG00000170689,8
0.9,1.5694620344052512,0.0004882480292827376,0.009147104374513059,0.7242657460711365,0.9613286970151722,ENSG00000170689,8
0.99,1.6278409034081929,0.0005252461815919228,0.009505618819460892,0.7381507661675071,0.963872377920773,ENSG00000170689,8
0.995,1.632764137163956,0.0005284327959366891,0.009518711105611786,0.7384852278024043,0.9649851169295406,ENSG00000170689,8
0.1,1.1088909489971435,0.00024373421966759448,0.006644927164790318,0.5776445257689757,0.8594780488413287,ENSG00000171467,8
0.2,1.1257441884663886,0.00025119940901693465,0.00675897362793737,0.5945200799275838,0.8754400994504726,ENSG00000171467,8
0.5,1.1862280378130698,0.0002789171739606264,0.0070490868900771764,0.6148177460775641,0.891119887226479,ENSG00000171467,8
0.8,1.3174517960646517,0.00034404929331385847,0.007737659066300724,0.6394210740648025,0.9043617538315266,ENSG00000171467,8
0.9,1.4237758981112196,0.00040181207027488463,0.008488883898520072,0.6498001533775614,0.9081852406102581,ENSG00000171467,8
0.99,1.5075650547654518,0.000450496207459943,0.008892450832896024,0.6621515294690037,0.918538469065801,ENSG00000171467,8
0.995,1.5124705684950541,0.0004534374173977067,0.00900641341389432,0.6635842373928371,0.9187928589680066,ENSG00000171467,8
0.1,1.493936295565827,0.00044238791426172696,0.009146836162333716,0.7218201188416395,0.9705953479892246,ENSG00000172216,8
0.2,1.591061657764455,0.0005017794280868465,0.009688950818668704,0.7281382116688659,0.9736818910157985,ENSG00000172216,8
0.5,1.7196922086425184,0.0005861939415225957,0.01042767211908479,0.760671036663195,0.9795183911374863,ENSG00000172216,8
0.8,1.9333234392836698,0.0007408801389942531,0.011712364550812402,0.7829066099255004,0.9832976515176807,ENSG00000172216,8
0.9,2.0134183169342728,0.0008035425537674527,0.012210296800565469,0.7898153419152047,0.9844653037009626,ENSG00000172216,8
0.99,2.0919616975383817,0.0008674844248558237,0.012727422922216902,0.8063032363716705,0.9874691668924528,ENSG00000172216,8
0.995,2.1539350054343416,0.0009203873713066374,0.012943784229100384,0.810576316888868,0.9878177486212889,ENSG00000172216,8
0.1,1.369884922557777,0.0003719695566500346,0.007972080965080142,0.6331879958925247,0.9402376137870733,ENSG00000172331,8
0.2,1.43943428143573,0.00041069849726994894,0.008322650808820874,0.650561229559518,0.9430189074799394,ENSG00000172331,8
0.5,1.5437841625185418,0.000472402346992876,0.008937555425254508,0.6701047576126749,0.9515054514514298,ENSG00000172331,8
0.8,1.6486940997214508,0.0005387903451226658,0.00956247721889083,0.6906849539608624,0.9579055858577453,ENSG00000172331,8
0.9,1.6896040626669817,0.0005658603717071284,0.009805544020463046,0.6989636048375422,0.9602468172552283,ENSG00000172331,8
0.99,1.7790621636930015,0.000627368725001324,0.010272011006977944,0.716282697193463,0.9652295558247407,ENSG00000172331,8
0.995,1.797023924588578,0.0006401633554156657,0.010342357326306166,0.7206253671106929,0.9675310328323472,ENSG00000172331,8
0.1,1.9309716073302121,0.0007390789005464181,0.01129056162797751,0.6402354051424733,0.9051769017916724,ENSG00000173207,8
0.2,1.9959392050673506,0.0007896482511586325,0.01161306565373369,0.6458948344849849,0.9174316968583915,ENSG00000173207,8
0.5,2.2697949546207434,0.0010212182893924748,0.01317182624946659,0.680491736666837,0.9369059122624608,ENSG00000173207,8
0.8,2.558871681720826,0.0012978849758825109,0.014823464002357628,0.714996540268622,0.9462650557532327,ENSG00000173207,8
0.9,2.692621866141243,0.0014371093522022869,0.015472331520064986,0.725308442150525,0.9488525567416566,ENSG00000173207,8
0.99,2.788216146028771,0.001540968233027803,0.016244350718373327,0.7438574330851289,0.9549710917995794,ENSG00000173207,8
0.995,2.817840487049496,0.0015740575503193502,0.016290779105616122,0.7443326745599649,0.9552837521987168,ENSG00000173207,8
0.1,1.1707940434043496,0.0002717081378492886,0.006984938655112093,0.6566417618513802,0.9536683478258314,ENSG00000174498,8
0.2,1.241470277432267,0.0003055018560026707,0.007355328734893753,0.6693140307225207,0.9574392498578648,ENSG00000174498,8
0.5,1.3348360550234142,0.00035317945359714743,0.008054573445898168,0.7010801471847772,0.9681872442642012,ENSG00000174498,8
0.8,1.5436325814171832,0.00047230956129082997,0.009045616768091081,0.7257298846900603,0.9737134758788935,ENSG00000174498,8
0.9,1.6683008926116667,0.0005516978071408714,0.00961150918429487,0.7453759721376662,0.975973479577753,ENSG00000174498,8
0.99,1.7976532076128549,0.0006405466625206084,0.010575433546041403,0.7651593890986267,0.9809665082850589,ENSG00000174498,8
0.995,1.8022602672147237,0.0006438382011034497,0.010675499739036767,0.7663263973386928,0.9812858415369219,ENSG00000174498,8
0.1,1.800845906751685,0.0006428237844278936,0.010549638587113566,0.6262455323357432,0.9144136490629791,ENSG00000177606,8
0.2,1.9045461433014363,0.0007189894194869589,0.011142155009082718,0.6414996221787865,0.9192709636563431,ENSG00000177606,8
0.5,2.1169547792823633,0.0008883047750351284,0.012459191859084437,0.6717012825725852,0.9349367554424202,ENSG00000177606,8
0.8,2.41059572217593,0.0011518280297553587,0.014165135974477393,0.7112035738432286,0.9482851181425522,ENSG00000177606,8
0.9,2.549971104709894,0.0012889108571689032,0.01496311456934537,0.720856662646615,0.9514500684131042,ENSG00000177606,8
0.99,2.7024119922869905,0.001447580230593901,0.01592121260025144,0.7457132612738125,0.9602005816680975,ENSG00000177606,8
0.995,2.719419649969425,0.0014659144374042652,0.015987310152599733,0.7539020403854458,0.9607621755930027,ENSG00000177606,8
0.1,2.6261794060991446,0.0013670601159736738,0.015407077217846973,0.6838405086671181,0.9376470005354332,ENSG00000179111,8
0.2,2.848121093551389,0.0016078891322752105,0.016478654567489072,0.7015700721000209,0.9439826383932725,ENSG00000179111,8
0.5,3.189605566449258,0.002016569119806359,0.01837889466001575,0.7393859238930295,0.9544978833306292,ENSG00000179111,8
0.8,3.651184868835255,0.0026424891023474413,0.02081142871431738,0.7653820772041474,0.9647402904486976,ENSG00000179111,8
0.9,3.8852128543265088,0.0029920621693757176,0.02233837812827513,0.777912622663641,0.9673476065583029,ENSG00000179111,8
0.99,4.492273169215452,0.004000105567276193,0.025027965667705626,0.7901278299463114,0.9749046041184481,ENSG00000179111,8
0.995,4.511125526360824,0.004033818851532574,0.025409674176684785,0.7959367002691542,0.9758063238407393,ENSG00000179111,8
0.1,1.1722487515671938,0.000272388573595244,0.006975408447737681,0.6524743427747544,0.9447077152678475,ENSG00000183770,8
0.2,1.2772112753402194,0.00032334433906371334,0.007587997323016808,0.6618910670611231,0.9486970617027227,ENSG00000183770,8
0.5,1.436739124274268,0.0004091614251776858,0.008431321223048089,0.692627033802633,0.958115128113447,ENSG00000183770,8
0.8,1.5834050312010592,0.0004969619199869996,0.009383986242255216,0.7365482799394115,0.9674692498820194,ENSG00000183770,8
0.9,1.6151916215395892,0.0005171147794897591,0.00955010288196646,0.7623272777279569,0.97407525001015,ENSG00000183770,8
0.99,1.706884101590729,0.0005775167385819194,0.010151099831795206,0.7711296313397491,0.9771474354831069,ENSG00000183770,8
0.995,1.7610652292477593,0.0006153311479090085,0.010213310906914068,0.7720670717791592,0.978241447581842,ENSG00000183770,8
0.1,1.2247279841510792,0.00029732695232682747,0.007122278657631428,0.5361648228757294,0.7796100214902433,ENSG00000184384,8
0.2,1.2705581308926788,0.00031998381412670743,0.007419937243791,0.5522479359918655,0.7937031511758288,ENSG00000184384,8
0.5,1.35544953188036,0.0003641735597301055,0.007801512137976525,0.5933876711300745,0.8315526620815175,ENSG00000184384,8
0.8,1.5010977588824077,0.00044664043235581835,0.008962022165350665,0.6211145841525604,0.8565867652244381,ENSG00000184384,8
0.9,1.5476296838964523,0.0004747597585197175,0.009131485523671816,0.633521880642843,0.8672383024027109,ENSG00000184384,8
0.99,1.6368524377783422,0.0005311062796369312,0.00949932170092463,0.6516437115142472,0.8847429260800871,ENSG00000184384,8
0.995,1.6968159538406475,0.0005714276795481485,0.009810757757624505,0.6546209040007842,0.8848793386747097,ENSG00000184384,8
0.1,1.9677461363551165,0.0007674979014408802,0.011396198592730939,0.6719279069370091,0.9165422289812007,ENSG00000184481,8
0.2,2.0162190764861347,0.0008057777149380376,0.011787717812029306,0.6819332500455005,0.9216496089907101,ENSG00000184481,8
0.5,2.1962041513339163,0.0009560618988083114,0.01268236099694987,0.7016596980453924,0.9338869338914189,ENSG00000184481,8
0.8,2.386762567464926,0.0011291702443247064,0.013923328303145638,0.7223668871529996,0.9444537514836112,ENSG00000184481,8
0.9,2.5174685737316747,0.0012562331773082322,0.014557840849286977,0.7300953513028233,0.9463690702492041,ENSG00000184481,8
0.99,2.755286545070643,0.0015047801319583798,0.016071689085517916,0.7469952804088117,0.9532949158910602,ENSG00000184481,8
0.995,2.772390696522922,0.0015235775294955615,0.016141325638174553,0.7473799618008411,0.9538126395929462,ENSG00000184481,8
0.1,1.5155176279707852,0.000455263478628038,0.008798869450067887,0.6237210809483016,0.8930374573192285,ENSG00000184486,8
0.2,1.5607744426897077,0.00048285766638522305,0.009096562470218419,0.6545278398471337,0.9148439820915528,ENSG00000184486,8
0.5,1.649387671584929,0.0005392436420020444,0.009569545337912766,0.6861026173007343,0.9270026068648896,ENSG00000184486,8
0.8,1.8145901680979064,0.0006526736711673615,0.010470314842180655,0.7020029068575621,0.9367149672435752,ENSG00000184486,8
0.9,1.9528808342540005,0.0007568961801544731,0.0113260094776731,0.7081068074168909,0.9398738951368865,ENSG00000184486,8
0.99,2.2955163544343753,0.0010444787730917067,0.012948567823646801,0.717185543339674,0.9436712173030927,ENSG00000184486,8
0.995,2.2968947979007823,0.0010457339248991187,0.013032202555530111,0.7210585421940364,0.9451165178816003,ENSG00000184486,8
0.1,1.2205426575815768,0.000295287358784115,0.0073100028647603175,0.674804845662275,0.972366759841004,ENSG00000184697,8
0.2,1.2684720168099097,0.0003189351566185779,0.007552959239066919,0.6836215165931296,0.9744760046624535,ENSG00000184697,8
0.5,1.4014990414159236,0.0003893421151246057,0.008263663074396086,0.7058642206242064,0.9797391529313386,ENSG00000184697,8
0.8,1.555986021610034,0.0004799022428314622,0.008957966768329143,0.7259867630521923,0.9829329411976653,ENSG00000184697,8
0.9,1.652937162434314,0.0005415683036806914,0.009363574731319265,0.7309194160224248,0.9839842743843863,ENSG00000184697,8
0.99,1.7574021978511782,0.0006121876033141368,0.00984944093942198,0.7428785863449808,0.9855211591924382,ENSG00000184697,8
0.995,1.7817609594121369,0.000629390971774802,0.010028938865174607,0.7451429043059459,0.9856293696567414,ENSG00000184697,8
0.1,1.6977589599101173,0.0005713351284812732,0.010045121160356116,0.5826450154788612,0.7710594901413047,ENSG00000186185,8
0.2,1.746786844600401,0.0006048097130752795,0.01020386258115353,0.5958967022612889,0.7849032956290345,ENSG00000186185,8
0.5,1.842021283481308,0.0006725698777674911,0.010771449682885282,0.623724824186924,0.8191397034944352,ENSG00000186185,8
0.8,2.0844174210143014,0.0008612083252113995,0.011974107409179278,0.649784043897509,0.8357194096964432,ENSG00000186185,8
0.9,2.1996780861342957,0.0009590893522406818,0.012515202419063643,0.6600194876598517,0.8470792451831319,ENSG00000186185,8
0.99,2.502528695665351,0.0012413740271550425,0.013926205484905686,0.7006793195196432,0.8606882092755722,ENSG00000186185,8
0.995,2.547604583060855,0.001286890385419524,0.014232219076755275,0.7035945574652259,0.8662843478476309,ENSG00000186185,8
0.1,1.4566054749435893,0.0004205556029743446,0.008716959841805209,0.6453183177254184,0.924536475953261,ENSG00000188483,8
0.2,1.5060512991665835,0.0004495919272760705,0.008970704332164233,0.6631953731494878,0.9401525483067215,ENSG00000188483,8
0.5,1.6573306064180515,0.0005444507870877827,0.009945068917058519,0.6970681454161015,0.9528908270360011,ENSG00000188483,8
0.8,1.861189125711293,0.0006866368257960216,0.01103625509510089,0.7105267239506667,0.9609271813522579,ENSG00000188483,8
0.9,2.1109166722001103,0.0008839508369179818,0.012486134549409604,0.7170346828617868,0.9631305563109503,ENSG00000188483,8
0.99,2.4848722184827676,0.001223904773027111,0.013925461309302894,0.734289477047131,0.9667043922658779,ENSG00000188483,8
0.995,2.500316761985298,0.0012392125397533793,0.014168423132831653,0.7380430662030394,0.9670705730774862,ENSG00000188483,8
0.1,1.4477282236581284,0.0004154444124134889,0.008413283394777293,0.694741468540539,0.9605523592046389,ENSG00000196396,8
0.2,1.5044677937320072,0.0004486476197733042,0.00870822867976795,0.7031278292121284,0.9642539918612976,ENSG00000196396,8
0.5,1.5970427054309884,0.0005055596586777584,0.009327855083033212,0.7218088424376986,0.9689805037723908,ENSG00000196396,8
0.8,1.7200196120803577,0.0005864158179155699,0.009901824823658534,0.7384514540007989,0.9723110996040498,ENSG00000196396,8
0.9,1.7773165532273476,0.0006261356380605879,0.010315752295684183,0.747351419182725,0.9745888372141032,ENSG00000196396,8
0.99,1.9407657080439797,0.0007466037005019698,0.011040936589748356,0.7608783503127884,0.9790050021363403,ENSG00000196396,8
0.995,1.9738164863470762,0.0007724610393416158,0.011206744694805901,0.7624152657068036,0.9790686190831904,ENSG00000196396,8
0.1,1.1976458323363428,0.00028431229815475517,0.007150503549575277,0.6077564177827036,0.9016275021218335,ENSG00000196517,8
0.2,1.2318643870362156,0.0003007909091036352,0.007352978550202672,0.6184066123195944,0.9078395107826118,ENSG00000196517,8
0.5,1.3887940372700034,0.0003823094904074352,0.008304559596748633,0.6634319494098944,0.9248879604725451,ENSG00000196517,8
0.8,1.5743226888284503,0.0004912779111524216,0.009256695949547098,0.6845829010924068,0.9379991420646174,ENSG00000196517,8
0.9,1.6026002856711339,0.0005090892682750315,0.009514200575889833,0.7000811688081772,0.9424954549665605,ENSG00000196517,8
0.99,1.653609784497463,0.0005420103502454136,0.009759262910685127,0.7160323426065202,0.9464959478843122,ENSG00000196517,8
0.995,1.6740601062196598,0.0005555805557375426,0.009799965307082012,0.7196810337061527,0.9467637922841945,ENSG00000196517,8
0.1,1.5069489089799701,0.00045012809645571527,0.008863233419342892,0.6930610006063078,0.9585913612137443,ENSG00000198513,8
0.2,1.580339049235636,0.0004950391733968024,0.009292337396516536,0.7006347135828417,0.9611355352721825,ENSG00000198513,8
0.5,1.793004071651564,0.0006372377628343943,0.010334140699811891,0.7303269937425128,0.9675500210591488,ENSG00000198513,8
0.8,1.9553010684836163,0.0007578201498138658,0.01129808257093957,0.7576359695749475,0.9729344371434147,ENSG00000198513,8
0.9,2.0037290956821927,0.0007958403696844383,0.011699556417791008,0.7642220614384728,0.976264010922897,ENSG00000198513,8
0.99,2.1627572380854665,0.0009271593656858184,0.012416763982538652,0.7809995748875996,0.9790858087862931,ENSG00000198513,8
0.995,2.1645440224869454,0.000928692583226839,0.012421099327842038,0.7824671212231158,0.9800267279902851,ENSG00000198513,8
0.1,2.270894861537194,0.0010221987826273392,0.013438089159867913,0.6818211946547831,0.9245275021378653,ENSG00000205189,8
0.2,2.395975607208366,0.0011379078521619615,0.014263846455239404,0.6943144126676107,0.9326485259509872,ENSG00000205189,8
0.5,2.7335643932292366,0.0014811465114854061,0.016092669220434536,0.7238309473714409,0.9449111535348347,ENSG00000205189,8
0.8,3.0290592407253762,0.0018186879537765463,0.017740562419437344,0.7638152155933758,0.9588375873683853,ENSG00000205189,8
0.9,3.144877704257034,0.0019604097616095486,0.018609056952246482,0.7712288291574086,0.9618634520701866,ENSG00000205189,8
0.99,3.3856339506024904,0.0022720681501943113,0.01963801325305637,0.799984859043234,0.9706971951937439,ENSG00000205189,8
0.995,3.4262247609825827,0.002327194650502776,0.019720040234366937,0.801860845208801,0.9717525755580949,ENSG00000205189,8
0.1,1.274331386399517,0.0003218876856569633,0.007364670087125634,0.5906988157545524,0.8883350662882259,ENSG00000205542,8
0.2,1.3234401751546852,0.0003471749166991353,0.007649901319215762,0.602983905504673,0.8951386523778442,ENSG00000205542,8
0.5,1.4035223614920103,0.00039046086891402875,0.008189632393652568,0.6215600990270971,0.9060056424317138,ENSG00000205542,8
0.8,1.5010439144674788,0.0004466086225176222,0.00863428815449309,0.6462550796864106,0.9166033490010925,ENSG00000205542,8
0.9,1.568873965931195,0.00048788229987983643,0.008948606375999223,0.666101300970359,0.9272367654758155,ENSG00000205542,8
0.99,1.6683611092304889,0.0005517229679457968,0.009476748531226941,0.6771512288786459,0.9331552119690443,ENSG00000205542,8
0.995,1.6866959591205266,0.0005639814106007695,0.009564861449619903,0.6806954869590295,0.9342879047982742,ENSG00000205542,8
0.1,1.834909180303112,0.0006673719978985296,0.010820140704948413,0.6646994445031676,0.9122205792884484,ENSG00000206262,8
0.2,1.9888384136433161,0.0007840410046947195,0.011710137227156213,0.6735951800202935,0.9193240807099918,ENSG00000206262,8
0.5,2.1748142070197716,0.0009375258420539227,0.012799481667273871,0.6954263514901945,0.9304578275777831,ENSG00000206262,8
0.8,2.318158699121223,0.0010651853282045891,0.013598419285736615,0.7169617948841063,0.9391215796288714,ENSG00000206262,8
0.9,2.434529316455232,0.0011748205837133947,0.014230970777086373,0.7313127715991117,0.9467348384015711,ENSG00000206262,8
0.99,2.649750905419908,0.0013917114636953984,0.015136899949390431,0.7573804713187866,0.9542429132034481,ENSG00000206262,8
0.995,2.660273302919355,0.0014028081276232748,0.015430869230748588,0.7581571814033454,0.9548672272907771,ENSG00000206262,8
0.1,1.5782680466255503,0.0004937426814160677,0.010018747084526134,0.8043897555573857,0.9896063750222949,ENSG00000245848,8
0.2,1.7116286398391731,0.0005807281300167716,0.01068946858661146,0.8149635807831268,0.9906781541790494,ENSG00000245848,8
0.5,1.931337804458157,0.0007393613144775445,0.012082859623430232,0.8359531469969701,0.9927636149918657,ENSG00000245848,8
0.8,2.170174331064787,0.0009335307170524218,0.013307085776693475,0.8506889683924977,0.9939860431598251,ENSG00000245848,8
0.9,2.238219943146919,0.0009930056805516573,0.013665488580750368,0.8541450958812261,0.9943272789734211,ENSG00000245848,8
0.99,2.706781103545336,0.00145229051512314,0.015271248992054344,0.8628720995579352,0.9948954154278634,ENSG00000245848,8
0.995,2.76600297941756,0.0015172151765850761,0.015855182850297144,0.8668537400200682,0.9950205102163026,ENSG00000245848,8
0.1,1.3960596566870993,0.00038632468707488506,0.008262185022472526,0.6144191800139717,0.9294230667541533,ENSG00000267534,8
0.2,1.4536345545233678,0.00041884113617497465,0.008471367096120718,0.6395673421232235,0.942240244323873,ENSG00000267534,8
0.5,1.6490004750165346,0.0005389967896245289,0.009710205172984926,0.6716649232476205,0.9543062967200154,ENSG00000267534,8
0.8,1.8204011887010572,0.0006568604035443711,0.010636724766426168,0.6978286406621803,0.96472649541751,ENSG00000267534,8
0.9,2.0164651163118075,0.0008059731312849906,0.011876152733533596,0.7122424094217426,0.9668917771375415,ENSG00000267534,8
0.99,2.1293758044895332,0.0008987599027978287,0.012456247701950795,0.725799081032496,0.971583551689332,ENSG00000267534,8
0.995,2.137071486564035,0.0009052794764405166,0.012562085556526582,0.7272710970376581,0.9716443301772832,ENSG00000267534,8
0.1,1.539211654118269,0.0004696080429608544,0.009006674718245908,0.5917562309341314,0.9270148403373857,ENSG00000273706,8
0.2,1.7589411161511233,0.0006132558083112344,0.010283421196244525,0.6076125203155908,0.930748969717688,ENSG00000273706,8
0.5,1.9219046799671475,0.0007321547246835535,0.011149918349576864,0.6595449762512756,0.9456365824638802,ENSG00000273706,8
0.8,2.1747715966728207,0.0009374902294501778,0.012635800923311638,0.6983735992498298,0.9556053723431032,ENSG00000273706,8
0.9,2.247017456837731,0.001000810504355477,0.01323969588309387,0.7250503262745976,0.9623052147486447,ENSG00000273706,8
0.99,2.3527130954246656,0.001097178188851117,0.013725191885943884,0.7407649197371782,0.9683299772366304,ENSG00000273706,8
0.995,2.3638966072422476,0.001107658031190004,0.01386896917751714,0.7412318073132981,0.9686423405573558,ENSG00000273706,8
